Town,Block,Street,Transactions,Before,After,BeforeCoordinates,AfterCoordinates,BeforeReason,AfterReason,PropertyRows,CanonicalPostalAssertionCount,CanonicalPostalValues,RemovedHistoricalPostal,BeforeFootprintObjectIds,AfterFootprintObjectIds
BEDOK,10D,BEDOK STH AVE 2,63,NormalizedAddress,Unmatched,BlockApproximation,Missing,Matched,MissingPostalCorroboration,91,0,,463010,945536,
BEDOK,113,BEDOK NTH ST 2,28,NormalizedAddress,Unmatched,BlockApproximation,Missing,Matched,MissingPostalCorroboration,619,0,,460113,941340,
BEDOK,170,BEDOK STH RD,110,NormalizedAddress,Unmatched,BlockApproximation,Missing,Matched,MissingPostalCorroboration,2213,0,,460170,945064,
BEDOK,188B,BEDOK NTH ST 4,21,NormalizedAddress,Unmatched,BlockApproximation,Missing,Matched,MissingPostalCorroboration,2586,0,,462188,942680,
BEDOK,22,BEDOK STH AVE 1,185,NormalizedAddress,Unmatched,BlockApproximation,Missing,Matched,MissingPostalCorroboration,3361,0,,460022,937304,
BEDOK,44,BEDOK STH RD,125,NormalizedAddress,Unmatched,BlockApproximation,Missing,Matched,MissingPostalCorroboration,7373,0,,460044,943832,
BEDOK,545,BEDOK NTH ST 3,308,NormalizedAddress,Unmatched,BlockApproximation,Missing,Matched,MissingPostalCorroboration,9181,0,,460545,942105,
BEDOK,91,BEDOK NTH ST 4,156,NormalizedAddress,Unmatched,BlockApproximation,Missing,Matched,MissingPostalCorroboration,12889,0,,460091,945940,
BEDOK,93,BEDOK NTH AVE 4,147,NormalizedAddress,Unmatched,BlockApproximation,Missing,Matched,MissingPostalCorroboration,12978,0,,460093,939760,
BEDOK,94C,BEDOK NTH AVE 4,99,NormalizedAddress,Unmatched,BlockApproximation,Missing,Matched,MissingPostalCorroboration,13049,0,,462094,938503,
BEDOK,97,BEDOK NTH AVE 4,154,NormalizedAddress,Unmatched,BlockApproximation,Missing,Matched,MissingPostalCorroboration,13209,0,,460097,947596,
BISHAN,452,SIN MING AVE,57,NormalizedAddress,Unmatched,BlockApproximation,Missing,Matched,MissingPostalCorroboration,7657,0,,570452,939021,
BUKIT BATOK,120,BT BATOK CTRL,150,NormalizedAddress,Unmatched,BlockApproximation,Missing,Matched,MissingPostalCorroboration,931,0,,650120,938333,
BUKIT BATOK,145,BT BATOK ST 11,87,NormalizedAddress,Unmatched,BlockApproximation,Missing,Matched,MissingPostalCorroboration,1663,0,,650145,943058,
BUKIT BATOK,223,BT BATOK EAST AVE 3,152,NormalizedAddress,Unmatched,BlockApproximation,Missing,Matched,MissingPostalCorroboration,3464,0,,650223,946432,
BUKIT BATOK,244,BT BATOK EAST AVE 5,221,NormalizedAddress,Unmatched,BlockApproximation,Missing,Matched,MissingPostalCorroboration,3932,0,,650244,946282,
BUKIT BATOK,287,BT BATOK EAST AVE 3,64,NormalizedAddress,Unmatched,BlockApproximation,Missing,Matched,MissingPostalCorroboration,4692,0,,650287,936881,
BUKIT BATOK,296A,BT BATOK ST 22,83,NormalizedAddress,Unmatched,BlockApproximation,Missing,Matched,MissingPostalCorroboration,4852,0,,651296,938840,
BUKIT BATOK,345,BT BATOK ST 34,215,NormalizedAddress,Unmatched,BlockApproximation,Missing,Matched,MissingPostalCorroboration,5928,0,,650345,937554,
BUKIT BATOK,360,BT BATOK ST 31,193,NormalizedAddress,Unmatched,BlockApproximation,Missing,Matched,MissingPostalCorroboration,6181,0,,650360,938716,
BUKIT BATOK,389,BT BATOK WEST AVE 5,43,NormalizedAddress,Unmatched,BlockApproximation,Missing,Matched,MissingPostalCorroboration,6456,0,,650389,946394,
BUKIT BATOK,416,BT BATOK WEST AVE 4,201,NormalizedAddress,Unmatched,BlockApproximation,Missing,Matched,MissingPostalCorroboration,6920,0,,650416,938974,
BUKIT BATOK,437A,BT BATOK WEST AVE 5,35,NormalizedAddress,Unmatched,BlockApproximation,Missing,Matched,MissingPostalCorroboration,7336,0,,651437,946241,
BUKIT BATOK,438C,BT BATOK WEST AVE 8,36,NormalizedAddress,Unmatched,BlockApproximation,Missing,Matched,MissingPostalCorroboration,7355,0,,653438,937185,
BUKIT BATOK,445B,BT BATOK WEST AVE 8,29,NormalizedAddress,Unmatched,BlockApproximation,Missing,Matched,MissingPostalCorroboration,7511,0,,652445,939561,
BUKIT BATOK,448C,BT BATOK WEST AVE 9,50,NormalizedAddress,Unmatched,BlockApproximation,Missing,Matched,MissingPostalCorroboration,7572,0,,653448,938525,
BUKIT BATOK,451B,BT BATOK WEST AVE 6,59,NormalizedAddress,Unmatched,BlockApproximation,Missing,Matched,MissingPostalCorroboration,7646,0,,652451,938142,
BUKIT BATOK,463B,BT BATOK ST 41,36,NormalizedAddress,Unmatched,BlockApproximation,Missing,Matched,MissingPostalCorroboration,7857,0,,652463,939458,
BUKIT MERAH,134,JLN BT MERAH,89,NormalizedAddress,Unmatched,BlockApproximation,Missing,Matched,MissingPostalCorroboration,1412,0,,160134,944963,
BUKIT MERAH,148,SILAT AVE,101,NormalizedAddress,Unmatched,BlockApproximation,Missing,Matched,MissingPostalCorroboration,1728,0,,160148,940112,
BUKIT MERAH,30,JLN KLINIK,160,NormalizedAddress,Unmatched,BlockApproximation,Missing,Matched,MissingPostalCorroboration,4943,0,,160030,943906,
BUKIT MERAH,84,TELOK BLANGAH HTS,44,NormalizedAddress,Unmatched,BlockApproximation,Missing,Matched,MissingPostalCorroboration,12422,0,,100084,945096,
CENTRAL AREA,10,JLN KUKOH,119,NormalizedAddress,Unmatched,BlockApproximation,Missing,Matched,MissingPostalCorroboration,62,0,,162010,946227,
CENTRAL AREA,26,JLN BERSEH,76,NormalizedAddress,Unmatched,BlockApproximation,Missing,Matched,MissingPostalCorroboration,4201,0,,200026,943709,
CENTRAL AREA,34,UPP CROSS ST,216,NormalizedAddress,Unmatched,BlockApproximation,Missing,Matched,MissingPostalCorroboration,5865,0,,050034,940060,
CENTRAL AREA,4,TG PAGAR PLAZA,164,NormalizedAddress,Unmatched,BlockApproximation,Missing,Matched,MissingPostalCorroboration,6525,0,,081004,947025,
CENTRAL AREA,8,JLN KUKOH,170,NormalizedAddress,Unmatched,BlockApproximation,Missing,Matched,MissingPostalCorroboration,12064,0,,162008,942043,
CENTRAL AREA,9,JLN KUKOH,121,NormalizedAddress,Unmatched,BlockApproximation,Missing,Matched,MissingPostalCorroboration,12831,0,,160009,947946,
CHOA CHU KANG,10,TECK WHYE AVE,246,NormalizedAddress,Unmatched,BlockApproximation,Missing,Matched,MissingPostalCorroboration,73,0,,680010,941430,
CHOA CHU KANG,761,CHOA CHU KANG NTH 5,68,NormalizedAddress,Unmatched,BlockApproximation,Missing,Matched,MissingPostalCorroboration,11791,0,,680761,937110,
GEYLANG,45,JLN TIGA,40,NormalizedAddress,Unmatched,BlockApproximation,Missing,Matched,MissingPostalCorroboration,7593,0,,390045,939010,
GEYLANG,7,PINE CL,62,NormalizedAddress,Unmatched,BlockApproximation,Missing,Matched,MissingPostalCorroboration,11243,0,,391007,938266,
GEYLANG,842,SIMS AVE,83,NormalizedAddress,Unmatched,BlockApproximation,Missing,Matched,MissingPostalCorroboration,12439,0,,400842,939383,
GEYLANG,846,SIMS AVE,99,NormalizedAddress,Unmatched,BlockApproximation,Missing,Matched,MissingPostalCorroboration,12464,0,,400846,948451,
HOUGANG,365A,UPP SERANGOON RD,59,NormalizedAddress,Unmatched,BlockApproximation,Missing,Matched,MissingPostalCorroboration,6242,0,,531365,948830,
HOUGANG,473D,UPP SERANGOON CRES,56,NormalizedAddress,Unmatched,BlockApproximation,Missing,Matched,MissingPostalCorroboration,8064,0,,538473,944992,
JURONG EAST,22,TEBAN GDNS RD,76,NormalizedAddress,Unmatched,BlockApproximation,Missing,Matched,MissingPostalCorroboration,3378,0,,600022,937812,
JURONG EAST,24,TEBAN GDNS RD,103,NormalizedAddress,Unmatched,BlockApproximation,Missing,Matched,MissingPostalCorroboration,3869,0,,600024,945269,
JURONG WEST,187,BOON LAY AVE,777,NormalizedAddress,Unmatched,BlockApproximation,Missing,Matched,MissingPostalCorroboration,2563,0,,640187,947361,
KALLANG/WHAMPOA,105,JLN RAJAH,116,NormalizedAddress,Unmatched,BlockApproximation,Missing,Matched,MissingPostalCorroboration,281,0,,320105,940338,
KALLANG/WHAMPOA,116B,JLN TENTERAM,66,NormalizedAddress,Unmatched,BlockApproximation,Missing,Matched,MissingPostalCorroboration,772,0,,322116,941032,
KALLANG/WHAMPOA,16,UPP BOON KENG RD,283,NormalizedAddress,Unmatched,BlockApproximation,Missing,Matched,MissingPostalCorroboration,1990,0,,380016,946017,
KALLANG/WHAMPOA,3D,UPP BOON KENG RD,59,NormalizedAddress,Unmatched,BlockApproximation,Missing,Matched,MissingPostalCorroboration,4935,0,,384003,937149,
KALLANG/WHAMPOA,7,JLN BATU,171,NormalizedAddress,Unmatched,BlockApproximation,Missing,Matched,MissingPostalCorroboration,11233,0,,431007,944162,
KALLANG/WHAMPOA,8,JLN BATU,153,NormalizedAddress,Unmatched,BlockApproximation,Missing,Matched,MissingPostalCorroboration,12062,0,,431008,947472,
KALLANG/WHAMPOA,805,KING GEORGE'S AVE,23,NormalizedAddress,Unmatched,BlockApproximation,Missing,Matched,MissingPostalCorroboration,12152,0,,200805,947351,
KALLANG/WHAMPOA,9,JLN BATU,228,NormalizedAddress,Unmatched,BlockApproximation,Missing,Matched,MissingPostalCorroboration,12830,0,,431009,945405,
MARINE PARADE,1,MARINE TER,125,NormalizedAddress,Unmatched,BlockApproximation,Missing,Matched,MissingPostalCorroboration,23,0,,440001,949024,
MARINE PARADE,15,MARINE TER,7,NormalizedAddress,Unmatched,BlockApproximation,Missing,Matched,MissingPostalCorroboration,1762,0,,440015,939512,
MARINE PARADE,16,MARINE TER,8,NormalizedAddress,Unmatched,BlockApproximation,Missing,Matched,MissingPostalCorroboration,1983,0,,440016,936459,
MARINE PARADE,2,MARINE TER,113,NormalizedAddress,Unmatched,BlockApproximation,Missing,Matched,MissingPostalCorroboration,2747,0,,440002,945293,
MARINE PARADE,20,MARINE TER,134,NormalizedAddress,Unmatched,BlockApproximation,Missing,Matched,MissingPostalCorroboration,2797,0,,440020,945860,
PUNGGOL,208A,PUNGGOL PL,39,NormalizedAddress,Unmatched,BlockApproximation,Missing,Matched,MissingPostalCorroboration,3036,0,,821208,946935,
PUNGGOL,602C,PUNGGOL CTRL,50,NormalizedAddress,Unmatched,BlockApproximation,Missing,Matched,MissingPostalCorroboration,9709,0,,823602,946674,
QUEENSTOWN,11,HOLLAND DR,403,Ambiguous,NormalizedAddress,Missing,BlockApproximation,CrossSourcePostalConflict,Matched,484,97,271011,278859,,946508
QUEENSTOWN,48,STRATHMORE AVE,127,NormalizedAddress,Unmatched,BlockApproximation,Missing,Matched,MissingPostalCorroboration,8155,0,,140048,937220,
QUEENSTOWN,50,STRATHMORE AVE,100,NormalizedAddress,Unmatched,BlockApproximation,Missing,Matched,MissingPostalCorroboration,8430,0,,140050,936355,
QUEENSTOWN,51,STRATHMORE AVE,106,NormalizedAddress,Unmatched,BlockApproximation,Missing,Matched,MissingPostalCorroboration,8648,0,,140051,942110,
SEMBAWANG,341B,SEMBAWANG CL,85,NormalizedAddress,Unmatched,BlockApproximation,Missing,Matched,MissingPostalCorroboration,5895,0,,752341,942423,
SENGKANG,282A,SENGKANG EAST AVE,57,NormalizedAddress,Unmatched,BlockApproximation,Missing,Matched,MissingPostalCorroboration,4650,0,,541282,940319,
SENGKANG,447A,JLN KAYU,53,NormalizedAddress,Unmatched,BlockApproximation,Missing,Matched,MissingPostalCorroboration,7549,0,,791447,936936,
SERANGOON,114,SERANGOON NTH AVE 1,159,NormalizedAddress,Unmatched,BlockApproximation,Missing,Matched,MissingPostalCorroboration,682,0,,550114,938622,
SERANGOON,205,SERANGOON CTRL,120,NormalizedAddress,Unmatched,BlockApproximation,Missing,Matched,MissingPostalCorroboration,2943,0,,550205,940893,
SERANGOON,258,SERANGOON CTRL DR,74,NormalizedAddress,Unmatched,BlockApproximation,Missing,Matched,MissingPostalCorroboration,4167,0,,550258,942752,
SERANGOON,420,SERANGOON CTRL,81,NormalizedAddress,Unmatched,BlockApproximation,Missing,Matched,MissingPostalCorroboration,7021,0,,550420,946929,
SERANGOON,424,SERANGOON CTRL,94,NormalizedAddress,Unmatched,BlockApproximation,Missing,Matched,MissingPostalCorroboration,7092,0,,550424,948737,
SERANGOON,8,LOR LEW LIAN,82,NormalizedAddress,Unmatched,BlockApproximation,Missing,Matched,MissingPostalCorroboration,12069,0,,531008,944316,
TAMPINES,612B,TAMPINES NTH DR 1,32,NormalizedAddress,Unmatched,BlockApproximation,Missing,Matched,MissingPostalCorroboration,9879,0,,522612,942990,
TOA PAYOH,116,LOR 2 TOA PAYOH,381,NormalizedAddress,Unmatched,BlockApproximation,Missing,Matched,MissingPostalCorroboration,756,0,,310116,942279,
TOA PAYOH,120,LOR 2 TOA PAYOH,313,NormalizedAddress,Unmatched,BlockApproximation,Missing,Matched,MissingPostalCorroboration,940,0,,310120,938497,
TOA PAYOH,138C,LOR 1A TOA PAYOH,119,NormalizedAddress,Unmatched,BlockApproximation,Missing,Matched,MissingPostalCorroboration,1515,0,,313138,947092,
TOA PAYOH,139B,LOR 1A TOA PAYOH,116,NormalizedAddress,Unmatched,BlockApproximation,Missing,Matched,MissingPostalCorroboration,1538,0,,312139,941305,
TOA PAYOH,145,LOR 2 TOA PAYOH,113,NormalizedAddress,Unmatched,BlockApproximation,Missing,Matched,MissingPostalCorroboration,1665,0,,310145,948128,
TOA PAYOH,256,KIM KEAT AVE,119,NormalizedAddress,Unmatched,BlockApproximation,Missing,Matched,MissingPostalCorroboration,4123,0,,310256,942917,
TOA PAYOH,56,LOR 4 TOA PAYOH,77,NormalizedAddress,Unmatched,BlockApproximation,Missing,Matched,MissingPostalCorroboration,9349,0,,310056,935875,
TOA PAYOH,79C,TOA PAYOH CTRL,67,NormalizedAddress,Unmatched,BlockApproximation,Missing,Matched,MissingPostalCorroboration,12018,0,,313079,948081,
TOA PAYOH,98,LOR 1 TOA PAYOH,257,NormalizedAddress,Unmatched,BlockApproximation,Missing,Matched,MissingPostalCorroboration,13251,0,,310098,941367,
