source_row,blk_no,street
6,1,CHANGI VILLAGE RD
8,1,DOVER RD
10,1,EVERTON PK
23,1,MARINE TER
35,1,TOH YI DR
46,1B,CANTONMENT RD
48,1C,CANTONMENT RD
53,1G,CANTONMENT RD
62,10,JLN KUKOH
73,10,TECK WHYE AVE
75,10,TOH YI DR
91,10D,BEDOK STH AVE 2
148,102,BISHAN ST 12
162,102,PASIR RIS ST 12
189,103,BISHAN ST 12
238,104,JURONG EAST ST 13
281,105,JLN RAJAH
335,106,TOWNER RD
349,106D,PUNGGOL FIELD
368,107,PASIR RIS ST 12
435,109,ALJUNIED CRES
460,109,TAMPINES ST 11
484,11,HOLLAND DR
494,11,TOH YI DR
502,110,ALJUNIED CRES
519,110,MCNAIR RD
532,110A,DEPOT RD
544,111,BISHAN ST 12
579,112,ANG MO KIO AVE 4
588,112,HO CHING RD
619,113,BEDOK NTH ST 2
637,113,POTONG PASIR AVE 1
669,114,EDGEFIELD PLAINS
682,114,SERANGOON NTH AVE 1
735,115C,ALKAFF CRES
740,116,ANG MO KIO AVE 4
748,116,CLEMENTI ST 13
756,116,LOR 2 TOA PAYOH
772,116B,JLN TENTERAM
891,119C,KIM TIAN RD
913,12,TAMAN HO SWEE
930,120,BISHAN ST 12
931,120,BT BATOK CTRL
940,120,LOR 2 TOA PAYOH
1023,122,MCNAIR RD
1075,123D,RIVERVALE DR
1227,128B,CANBERRA ST
1278,13,TECK WHYE LANE
1280,13,TOH YI DR
1310,130A,CANBERRA CRES
1375,132B,CANBERRA VIEW
1410,134,EDGEDALE PLAINS
1412,134,JLN BT MERAH
1472,137,BISHAN ST 12
1515,138C,LOR 1A TOA PAYOH
1538,139B,LOR 1A TOA PAYOH
1556,14,TOH YI DR
1658,144,TECK WHYE LANE
1663,145,BT BATOK ST 11
1665,145,LOR 2 TOA PAYOH
1676,145,WOODLANDS ST 13
1704,147,MEI LING ST
1718,148,BISHAN ST 11
1722,148,MEI LING ST
1728,148,SILAT AVE
1729,148,TAMPINES AVE 5
1740,149,PETIR RD
1762,15,MARINE TER
1777,150,MEI LING ST
1778,150,PASIR RIS ST 13
1789,150A,CORPORATION DR
1791,151,ANG MO KIO AVE 5
1967,159,SIMEI RD
1983,16,MARINE TER
1984,16,MARSILING LANE
1990,16,UPP BOON KENG RD
2008,160,YISHUN ST 11
2067,163,YUNG PING RD
2085,164,STIRLING RD
2091,164A,YUNG KUANG RD
2131,166B,TECK WHYE CRES
2191,17,EUNOS CRES
2204,17,TOH YI DR
2213,170,BEDOK STH RD
2332,176,ANG MO KIO AVE 4
2358,178,BISHAN ST 13
2363,178,LOMPANG RD
2421,18D,CIRCUIT RD
2439,180A,RIVERVALE CRES
2451,181,EDGEFIELD PLAINS
2470,182,EDGEFIELD PLAINS
2481,182A,WOODLANDS ST 13
2563,187,BOON LAY AVE
2586,188B,BEDOK NTH ST 4
2601,189A,RIVERVALE DR
2635,190,BISHAN ST 13
2734,2,GHIM MOH RD
2747,2,MARINE TER
2748,2,MARSILING DR
2753,2,TOH YI DR
2793,20,JOO SENG RD
2797,20,MARINE TER
2821,201,CLEMENTI AVE 6
2863,202,PETIR RD
2943,205,SERANGOON CTRL
3036,208A,PUNGGOL PL
3049,209,BISHAN ST 23
3084,21,JOO SENG RD
3106,210,JURONG EAST ST 21
3125,210C,COMPASSVALE LANE
3312,217A,SUMANG WALK
3361,22,BEDOK STH AVE 1
3376,22,SIN MING RD
3378,22,TEBAN GDNS RD
3393,220,JURONG EAST ST 21
3440,222,BISHAN ST 23
3448,222,SERANGOON AVE 4
3464,223,BT BATOK EAST AVE 3
3474,223,YISHUN ST 21
3573,227,PASIR RIS ST 21
3626,229,SERANGOON AVE 4
3690,231,JURONG EAST ST 21
3716,232,PENDING RD
3742,233,YISHUN ST 21
3770,234A,SERANGOON AVE 2
3869,24,TEBAN GDNS RD
3927,243,YISHUN RING RD
3932,244,BT BATOK EAST AVE 5
3935,244,HOUGANG ST 22
3951,245,HOUGANG ST 22
4045,250B,COMPASSVALE ST
4051,251,CHOA CHU KANG AVE 2
4123,256,KIM KEAT AVE
4135,256B,SUMANG WALK
4167,258,SERANGOON CTRL DR
4201,26,JLN BERSEH
4238,261,BISHAN ST 22
4307,265,TOH GUAN RD
4319,266,BISHAN ST 24
4327,266,TAMPINES ST 21
4328,266,TOH GUAN RD
4394,269A,QUEEN ST
4410,27,GHIM MOH LINK
4430,270,TAMPINES ST 21
4442,271,CHOA CHU KANG AVE 2
4526,274A,JURONG WEST AVE 3
4571,277,BANGKIT RD
4650,282A,SENGKANG EAST AVE
4675,285D,TOH GUAN RD
4692,287,BT BATOK EAST AVE 3
4702,287C,JURONG EAST ST 21
4721,288C,JURONG EAST ST 21
4852,296A,BT BATOK ST 22
4917,3,QUEEN'S RD
4922,3,TOH YI DR
4935,3D,UPP BOON KENG RD
4943,30,JLN KLINIK
4986,302,ANG MO KIO AVE 3
4995,302,SERANGOON AVE 2
5018,303,CANBERRA RD
5083,306,HOUGANG AVE 5
5085,306,SERANGOON AVE 2
5126,307B,ANCHORVALE RD
5148,308A,PUNGGOL WALK
5189,31,MARINE CRES
5211,310A,ANG MO KIO AVE 1
5216,310C,ANG MO KIO AVE 1
5227,311,SHUNFU RD
5236,311B,CLEMENTI AVE 4
5254,312,YISHUN RING RD
5276,313A,ANCHORVALE RD
5284,314,ANG MO KIO AVE 3
5417,32,BALAM RD
5438,320,ANG MO KIO AVE 1
5475,322,SERANGOON AVE 3
5500,323,SERANGOON AVE 3
5554,325,WOODLANDS ST 32
5576,326,UBI AVE 1
5584,326C,SUMANG WALK
5643,33,MARINE CRES
5693,332,TAH CHING RD
5739,334B,ANCHORVALE CRES
5747,335,CLEMENTI AVE 2
5771,336,JURONG EAST AVE 1
5859,34,MARINE CRES
5865,34,UPP CROSS ST
5876,340,JURONG EAST AVE 1
5895,341B,SEMBAWANG CL
5928,345,BT BATOK ST 34
5944,346,UBI AVE 1
5952,347,KANG CHING RD
5975,349,CLEMENTI AVE 2
5992,35,MARINE CRES
6085,354A,ADMIRALTY DR
6124,357,CLEMENTI AVE 2
6166,36,BEO CRES
6181,360,BT BATOK ST 31
6208,362C,SEMBAWANG CRES
6242,365A,UPP SERANGOON RD
6310,371,JURONG EAST ST 32
6320,372,JURONG EAST ST 32
6412,38D,BENDEMEER RD
6456,389,BT BATOK WEST AVE 5
6521,4,QUEEN'S RD
6525,4,TG PAGAR PLAZA
6738,408A,FERNVALE RD
6739,408A,NORTHSHORE DR
6842,412,SEMBAWANG DR
6920,416,BT BATOK WEST AVE 4
6961,418,CLEMENTI AVE 1
7021,420,SERANGOON CTRL
7047,421C,NORTHSHORE DR
7092,424,SERANGOON CTRL
7098,424A,YISHUN AVE 11
7216,430C,FERNVALE LINK
7245,432,CLEMENTI AVE 3
7274,433A,SENGKANG WEST WAY
7336,437A,BT BATOK WEST AVE 5
7348,438,YISHUN AVE 11
7355,438C,BT BATOK WEST AVE 8
7373,44,BEDOK STH RD
7479,443B,FERNVALE RD
7511,445B,BT BATOK WEST AVE 8
7522,446,HOUGANG AVE 8
7549,447A,JLN KAYU
7572,448C,BT BATOK WEST AVE 9
7584,449,YISHUN RING RD
7593,45,JLN TIGA
7598,45,MARINE CRES
7646,451B,BT BATOK WEST AVE 6
7652,452,FAJAR RD
7657,452,SIN MING AVE
7686,454,FAJAR RD
7712,456,ANG MO KIO AVE 10
7738,457B,SENGKANG WEST RD
7740,458,CHOA CHU KANG AVE 4
7759,459,PASIR RIS DR 4
7792,460,TAMPINES ST 42
7855,463A,SEMBAWANG DR
7857,463B,BT BATOK ST 41
7859,463B,SEMBAWANG DR
7917,466C,SEMBAWANG DR
7931,467A,FERNVALE LINK
7976,469B,ADMIRALTY DR
8064,473D,UPP SERANGOON CRES
8069,474,SEGAR RD
8104,476B,CHOA CHU KANG AVE 5
8107,476C,CHOA CHU KANG AVE 5
8129,478,SEMBAWANG DR
8145,48,BENDEMEER RD
8155,48,STRATHMORE AVE
8249,488,SEGAR RD
8407,5,TOH YI DR
8430,50,STRATHMORE AVE
8440,501,ANG MO KIO AVE 5
8648,51,STRATHMORE AVE
8863,522A,TAMPINES CTRL 7
8924,526D,PASIR RIS ST 51
8929,527,HOUGANG AVE 6
8938,527B,PASIR RIS ST 51
8939,527C,PASIR RIS ST 51
8951,528A,PASIR RIS ST 51
8975,53,PIPIT RD
9018,532,JELAPANG RD
9058,535,PASIR RIS DR 1
9161,543,ANG MO KIO AVE 10
9165,543,JELAPANG RD
9181,545,BEDOK NTH ST 3
9245,55,HAVELOCK RD
9349,56,LOR 4 TOA PAYOH
9364,560A,JURONG WEST ST 42
9386,563,HOUGANG ST 51
9453,571,HOUGANG ST 51
9459,572,ANG MO KIO AVE 3
9552,587,WOODLANDS DR 16
9569,588D,ANG MO KIO ST 52
9616,593B,MONTREAL LINK
9622,6,BEACH RD
9628,6,FARRER RD
9652,6B,BOON TIONG RD
9675,601,ELIAS RD
9709,602C,PUNGGOL CTRL
9748,605,CHOA CHU KANG ST 62
9780,607,CLEMENTI WEST ST 1
9784,607,SENJA RD
9873,612,SENJA RD
9879,612B,TAMPINES NTH DR 1
9903,613B,PUNGGOL DR
9907,613D,PUNGGOL DR
9908,614,ANG MO KIO AVE 4
9942,616,SENJA RD
9981,619,HOUGANG AVE 8
9994,62,DAKOTA CRES
10010,620,BEDOK RESERVOIR RD
10232,633,YISHUN ST 61
10262,635,BEDOK RESERVOIR RD
10293,636,WOODLANDS RING RD
10297,636A,SENJA RD
10314,637,VEERASAMY RD
10355,639,ROWELL RD
10369,64,MARINE DR
10444,644,HOUGANG AVE 8
10508,648C,JURONG WEST ST 61
10544,650,WOODLANDS RING RD
10575,653,HOUGANG AVE 8
10595,654B,JURONG WEST ST 61
10792,666,YISHUN AVE 4
10838,669C,JURONG WEST ST 64
10873,671B,KLANG LANE
10888,672A,YISHUN AVE 4
10891,672B,KLANG LANE
10902,673A,CHOA CHU KANG CRES
10923,674B,YISHUN AVE 4
10963,677A,YISHUN RING RD
11005,680,CHOA CHU KANG CRES
11046,683A,CHOA CHU KANG CRES
11089,685B,WOODLANDS DR 73
11203,696,JURONG WEST CTRL 1
11213,698A,JURONG WEST CTRL 3
11216,698C,HOUGANG ST 52
11233,7,JLN BATU
11243,7,PINE CL
11247,7,TELOK BLANGAH CRES
11249,7,TOH YI DR
11257,70,CIRCUIT RD
11402,712,CLEMENTI WEST ST 2
11433,715,CLEMENTI WEST ST 2
11501,722,JURONG WEST AVE 5
11598,735,WOODLANDS CIRCLE
11631,74,MARINE DR
11707,75,WHAMPOA DR
11784,760,PASIR RIS ST 71
11791,761,CHOA CHU KANG NTH 5
11807,763,BEDOK RESERVOIR VIEW
11839,767,PASIR RIS ST 71
11933,780A,WOODLANDS CRES
11955,782D,WOODLANDS CRES
11975,785B,WOODLANDS RISE
12003,788E,WOODLANDS CRES
12012,79,MARINE DR
12018,79C,TOA PAYOH CTRL
12054,8,BOON KENG RD
12056,8,EMPRESS RD
12062,8,JLN BATU
12064,8,JLN KUKOH
12069,8,LOR LEW LIAN
12152,805,KING GEORGE'S AVE
12199,81,C'WEALTH CL
12214,810,TAMPINES AVE 4
12264,817,TAMPINES ST 81
12274,818A,CHOA CHU KANG AVE 1
12341,828,TAMPINES ST 81
12349,829,YISHUN ST 81
12350,83,C'WEALTH CL
12399,836,YISHUN ST 81
12422,84,TELOK BLANGAH HTS
12439,842,SIMS AVE
12464,846,SIMS AVE
12516,853,WOODLANDS ST 83
12565,86,DAWSON RD
12583,861,WOODLANDS ST 83
12618,867A,TAMPINES ST 83
12766,890B,TAMPINES AVE 1
12776,892,TAMPINES AVE 8
12830,9,JLN BATU
12831,9,JLN KUKOH
12889,91,BEDOK NTH ST 4
12978,93,BEDOK NTH AVE 4
12980,93,DAWSON RD
13035,939,HOUGANG ST 92
13049,94C,BEDOK NTH AVE 4
13091,95A,HENDERSON RD
13209,97,BEDOK NTH AVE 4
13248,98,ALJUNIED CRES
13251,98,LOR 1 TOA PAYOH
13280,986B,BUANGKOK CRES
13319,990C,JURONG WEST ST 93
13337,994B,BUANGKOK LINK
