source_row,month,town,flat_type,block,street_name,storey_range,floor_area_sqm,flat_model,lease_commence_date,remaining_lease,resale_price
1431,2017-02,BUKIT TIMAH,5 ROOM,5,TOH YI DR,07 TO 09,122,Improved,1989,71 years 04 months,790000
3162,2017-03,KALLANG/WHAMPOA,2 ROOM,8,JLN BATU,01 TO 03,48,Standard,1970,52 years 03 months,256000
4754,2017-04,CLEMENTI,EXECUTIVE,116,CLEMENTI ST 13,10 TO 12,151,Maisonette,1984,66 years 03 months,827000
5141,2017-04,MARINE PARADE,2 ROOM,16,MARINE TER,04 TO 06,43,Improved,1975,57 years,238000
5750,2017-04,TOA PAYOH,5 ROOM,256,KIM KEAT AVE,01 TO 03,122,Improved,1988,70 years 08 months,548000
6769,2017-05,HOUGANG,EXECUTIVE,446,HOUGANG AVE 8,04 TO 06,148,Maisonette,1991,73 years 02 months,660000
8406,2017-06,CENTRAL AREA,3 ROOM,269A,QUEEN ST,07 TO 09,67,New Generation,1984,65 years 11 months,440000
8913,2017-06,PASIR RIS,3 ROOM,1,CHANGI VILLAGE RD,01 TO 03,77,Improved,1980,62 years 01 month,320000
9149,2017-06,SEMBAWANG,EXECUTIVE,469B,ADMIRALTY DR,13 TO 15,137,Premium Apartment,2001,83 years 02 months,465000
9803,2017-07,ANG MO KIO,4 ROOM,572,ANG MO KIO AVE 3,10 TO 12,92,New Generation,1979,60 years 10 months,483888
10022,2017-07,BUKIT MERAH,2 ROOM,36,BEO CRES,07 TO 09,51,Standard,1971,53 years 02 months,240000
10439,2017-07,JURONG EAST,EXECUTIVE,287C,JURONG EAST ST 21,19 TO 21,140,Apartment,1998,80 years 03 months,770000
10544,2017-07,JURONG WEST,5 ROOM,648C,JURONG WEST ST 61,01 TO 03,110,Improved,2001,82 years 09 months,460000
11722,2017-08,BEDOK,EXECUTIVE,10D,BEDOK STH AVE 2,07 TO 09,143,Apartment,1995,77 years 04 months,811888
12001,2017-08,CHOA CHU KANG,4 ROOM,761,CHOA CHU KANG NTH 5,10 TO 12,108,Model A,1995,76 years 10 months,357000
12159,2017-08,HOUGANG,2 ROOM,986B,BUANGKOK CRES,01 TO 03,47,Model A,2012,93 years 09 months,235000
12588,2017-08,PUNGGOL,2 ROOM,602C,PUNGGOL CTRL,01 TO 03,50,Model A,2012,93 years 11 months,260000
13056,2017-08,TAMPINES,4 ROOM,270,TAMPINES ST 21,01 TO 03,116,Model A,1985,67 years 04 months,455000
13575,2017-09,BEDOK,3 ROOM,545,BEDOK NTH ST 3,10 TO 12,68,New Generation,1980,61 years 08 months,300000
15592,2017-10,BUKIT PANJANG,EXECUTIVE,607,SENJA RD,04 TO 06,129,Apartment,2001,83 years 02 months,548000
15893,2017-10,JURONG EAST,5 ROOM,265,TOH GUAN RD,10 TO 12,121,Improved,1998,80 years 01 month,625000
16889,2017-10,YISHUN,4 ROOM,312,YISHUN RING RD,10 TO 12,84,Simplified,1987,68 years 07 months,305000
17965,2017-11,KALLANG/WHAMPOA,EXECUTIVE,48,BENDEMEER RD,10 TO 12,146,Apartment,1994,76 years 01 month,790000
18178,2017-11,QUEENSTOWN,2 ROOM,83,C'WEALTH CL,04 TO 06,46,Standard,1967,48 years 02 months,191000
19745,2017-12,KALLANG/WHAMPOA,5 ROOM,106,TOWNER RD,07 TO 09,138,Model A-Maisonette,1983,64 years 06 months,862000
19838,2017-12,PUNGGOL,4 ROOM,613D,PUNGGOL DR,04 TO 06,93,Model A,2012,94 years,428000
20561,2018-01,ANG MO KIO,5 ROOM,588D,ANG MO KIO ST 52,04 TO 06,112,DBSS,2011,92 years 07 months,608000
21071,2018-01,PASIR RIS,5 ROOM,760,PASIR RIS ST 71,16 TO 18,125,Improved,1996,77 years 08 months,495000
22320,2018-02,QUEENSTOWN,4 ROOM,50,STRATHMORE AVE,25 TO 27,90,Model A,2006,87 years 07 months,720000
22458,2018-02,SERANGOON,2 ROOM,8,LOR LEW LIAN,04 TO 06,44,Improved,1978,59 years 03 months,221868
22604,2018-02,WOODLANDS,3 ROOM,2,MARSILING DR,01 TO 03,65,Improved,1974,55 years 05 months,220000
23235,2018-03,CENTRAL AREA,4 ROOM,1G,CANTONMENT RD,13 TO 15,93,Type S1,2011,91 years 11 months,908000
23706,2018-03,KALLANG/WHAMPOA,4 ROOM,6,BEACH RD,10 TO 12,70,Standard,1979,60 years 06 months,405000
23739,2018-03,MARINE PARADE,3 ROOM,31,MARINE CRES,16 TO 18,76,Improved,1975,56 years 02 months,428000
23947,2018-03,PUNGGOL,EXECUTIVE,181,EDGEFIELD PLAINS,04 TO 06,128,Premium Apartment,2003,84 years 08 months,526000
24861,2018-04,BISHAN,4 ROOM,209,BISHAN ST 23,10 TO 12,103,Model A,1992,73 years 02 months,575000
28327,2018-06,BEDOK,2 ROOM,113,BEDOK NTH ST 2,07 TO 09,44,Improved,1978,59 years,210000
28499,2018-06,BUKIT BATOK,4 ROOM,416,BT BATOK WEST AVE 4,07 TO 09,103,Model A,1987,68 years 06 months,320000
28699,2018-06,BUKIT TIMAH,3 ROOM,4,QUEEN'S RD,07 TO 09,73,Improved,1974,54 years 11 months,440000
28864,2018-06,GEYLANG,3 ROOM,17,EUNOS CRES,04 TO 06,59,Improved,1977,57 years 11 months,263000
29562,2018-06,SEMBAWANG,5 ROOM,341B,SEMBAWANG CL,07 TO 09,111,Premium Apartment,2001,82 years,460000
29573,2018-06,SENGKANG,2 ROOM,180A,RIVERVALE CRES,10 TO 12,47,Model A,2015,95 years 09 months,250000
29880,2018-06,TOA PAYOH,2 ROOM,56,LOR 4 TOA PAYOH,04 TO 06,43,Standard,1967,48 years 01 month,210000
30200,2018-07,ANG MO KIO,2 ROOM,116,ANG MO KIO AVE 4,10 TO 12,44,Improved,1978,58 years 10 months,202000
30584,2018-07,BUKIT MERAH,1 ROOM,7,TELOK BLANGAH CRES,10 TO 12,31,Improved,1975,55 years 08 months,188000
30779,2018-07,BUKIT TIMAH,4 ROOM,11,TOH YI DR,10 TO 12,104,Model A,1989,69 years 11 months,720000
31564,2018-07,PASIR RIS,EXECUTIVE,459,PASIR RIS DR 4,04 TO 06,144,Apartment,1992,73 years 06 months,625000
31928,2018-07,SENGKANG,3 ROOM,430C,FERNVALE LINK,22 TO 24,67,Model A,2015,95 years 11 months,357000
32366,2018-07,TOA PAYOH,4 ROOM,113,POTONG PASIR AVE 1,04 TO 06,100,New Generation,1984,65 years 04 months,456500
32538,2018-07,WOODLANDS,5 ROOM,587,WOODLANDS DR 16,01 TO 03,111,Improved,2001,82 years 01 month,378000
33206,2018-08,BUKIT TIMAH,EXECUTIVE,10,TOH YI DR,04 TO 06,146,Maisonette,1989,69 years 10 months,1058000
34260,2018-08,SENGKANG,EXECUTIVE,250B,COMPASSVALE ST,04 TO 06,131,Apartment,2000,80 years 11 months,570000
34948,2018-09,BEDOK,4 ROOM,44,BEDOK STH RD,13 TO 15,84,Improved,1977,58 years,373000
35274,2018-09,CENTRAL AREA,2 ROOM,8,JLN KUKOH,10 TO 12,53,Improved,1971,51 years 09 months,220000
35460,2018-09,GEYLANG,5 ROOM,62,DAKOTA CRES,01 TO 03,139,Model A-Maisonette,1984,65 years 02 months,908000
35621,2018-09,JURONG WEST,3 ROOM,187,BOON LAY AVE,04 TO 06,59,Improved,1978,58 years 11 months,180000
35829,2018-09,MARINE PARADE,5 ROOM,79,MARINE DR,13 TO 15,122,Standard,1977,57 years 05 months,890000
36193,2018-09,SENGKANG,4 ROOM,447A,JLN KAYU,13 TO 15,94,Model A,2013,94 years 03 months,410000
37039,2018-10,BUKIT BATOK,3 ROOM,345,BT BATOK ST 34,07 TO 09,73,Model A,1987,67 years 05 months,258000
37359,2018-10,CLEMENTI,2 ROOM,418,CLEMENTI AVE 1,10 TO 12,49,Model A,2013,93 years 11 months,340000
37461,2018-10,HOUGANG,4 ROOM,571,HOUGANG ST 51,01 TO 03,101,Model A,1997,77 years 06 months,345000
38043,2018-10,QUEENSTOWN,EXECUTIVE,147,MEI LING ST,07 TO 09,146,Maisonette,1995,76 years,980000
38284,2018-10,TAMPINES,3 ROOM,817,TAMPINES ST 81,01 TO 03,73,Model A,1984,65 years,320000
39639,2018-11,JURONG WEST,EXECUTIVE,163,YUNG PING RD,04 TO 06,144,Maisonette,1997,77 years 02 months,595000
39930,2018-11,SEMBAWANG,3 ROOM,463B,SEMBAWANG DR,04 TO 06,67,Model A,2015,95 years 06 months,280000
40922,2018-12,BUKIT MERAH,4 ROOM,119C,KIM TIAN RD,01 TO 03,92,Model A,2003,83 years 06 months,510000
40959,2018-12,BUKIT PANJANG,4 ROOM,277,BANGKIT RD,10 TO 12,103,Model A,1988,68 years 10 months,363888
41515,2018-12,QUEENSTOWN,3 ROOM,2,GHIM MOH RD,07 TO 09,76,Improved,1976,56 years 08 months,360000
41806,2018-12,TAMPINES,EXECUTIVE,148,TAMPINES AVE 5,04 TO 06,150,Maisonette,1985,65 years 03 months,718000
41824,2018-12,TOA PAYOH,3 ROOM,116,LOR 2 TOA PAYOH,16 TO 18,63,Improved,1970,50 years 01 month,350000
42579,2019-01,CLEMENTI,5 ROOM,357,CLEMENTI AVE 2,10 TO 12,117,Standard,1978,58 years 02 months,605000
44059,2019-02,CLEMENTI,4 ROOM,712,CLEMENTI WEST ST 2,07 TO 09,91,New Generation,1980,60 years 04 months,380000
44168,2019-02,JURONG EAST,4 ROOM,266,TOH GUAN RD,01 TO 03,101,Model A,1998,78 years 08 months,405000
44374,2019-02,PUNGGOL,3 ROOM,613B,PUNGGOL DR,13 TO 15,68,Model A,2012,92 years 10 months,353000
45278,2019-03,BUKIT MERAH,5 ROOM,84,TELOK BLANGAH HTS,19 TO 21,118,Improved,1997,77 years 04 months,810000
45372,2019-03,CENTRAL AREA,5 ROOM,639,ROWELL RD,25 TO 27,139,Model A,1983,63 years 08 months,698000
45618,2019-03,JURONG EAST,2 ROOM,371,JURONG EAST ST 32,13 TO 15,43,Model A,2014,93 years 11 months,249000
47981,2019-04,SERANGOON,3 ROOM,306,SERANGOON AVE 2,04 TO 06,69,Improved,1985,64 years 11 months,300000
48012,2019-04,SERANGOON,EXECUTIVE,424,SERANGOON CTRL,04 TO 06,146,Maisonette,1989,69 years 01 month,865000
48678,2019-05,BISHAN,3 ROOM,120,BISHAN ST 12,01 TO 03,64,Simplified,1986,66 years,360000
48777,2019-05,BUKIT BATOK,5 ROOM,389,BT BATOK WEST AVE 5,01 TO 03,118,Improved,2005,84 years 10 months,495000
48942,2019-05,BUKIT PANJANG,5 ROOM,612,SENJA RD,19 TO 21,111,Improved,2002,81 years 11 months,490000
49002,2019-05,CHOA CHU KANG,2 ROOM,166B,TECK WHYE CRES,19 TO 21,47,Model A,2015,94 years 09 months,230000
50048,2019-05,SERANGOON,4 ROOM,222,SERANGOON AVE 4,01 TO 03,94,New Generation,1985,65 years 04 months,403000
50188,2019-05,TAMPINES,MULTI-GENERATION,460,TAMPINES ST 42,10 TO 12,166,Multi Generation,1987,67 years 04 months,850000
50762,2019-06,BISHAN,5 ROOM,266,BISHAN ST 24,10 TO 12,134,Model A,1992,72 years 02 months,710000
52687,2019-07,BISHAN,MULTI-GENERATION,137,BISHAN ST 12,10 TO 12,165,Multi Generation,1987,66 years 11 months,930000
52851,2019-07,BUKIT PANJANG,2 ROOM,488,SEGAR RD,10 TO 12,47,Model A,2014,94 years 05 months,235000
54378,2019-07,WOODLANDS,EXECUTIVE,788E,WOODLANDS CRES,07 TO 09,141,Apartment,1999,78 years 07 months,560000
54395,2019-07,YISHUN,2 ROOM,424A,YISHUN AVE 11,07 TO 09,47,Model A,2015,95 years 05 months,223000
55126,2019-08,GEYLANG,2 ROOM,70,CIRCUIT RD,01 TO 03,43,Standard,1969,48 years 05 months,200000
55285,2019-08,JURONG WEST,2 ROOM,990C,JURONG WEST ST 93,04 TO 06,60,Premium Apartment,2008,88 years,230000
56501,2019-09,ANG MO KIO,3 ROOM,456,ANG MO KIO AVE 10,07 TO 09,89,New Generation,1980,59 years 04 months,340000
56980,2019-09,CHOA CHU KANG,5 ROOM,251,CHOA CHU KANG AVE 2,16 TO 18,122,Improved,1994,74 years 03 months,480000
58290,2019-09,YISHUN,EXECUTIVE,836,YISHUN ST 81,04 TO 06,146,Maisonette,1988,67 years 05 months,640000
58603,2019-10,BUKIT BATOK,EXECUTIVE,287,BT BATOK EAST AVE 3,04 TO 06,147,Apartment,1995,75 years 02 months,660000
60136,2019-10,WOODLANDS,2 ROOM,16,MARSILING LANE,10 TO 12,45,Improved,1984,64 years 01 month,170000
61390,2019-11,MARINE PARADE,4 ROOM,74,MARINE DR,04 TO 06,82,Improved,1976,55 years 07 months,445000
62859,2019-12,CHOA CHU KANG,3 ROOM,476B,CHOA CHU KANG AVE 5,07 TO 09,68,Model A,2013,92 years 08 months,310000
63001,2019-12,GEYLANG,EXECUTIVE,842,SIMS AVE,01 TO 03,149,Maisonette,1985,64 years 11 months,838000
63068,2019-12,HOUGANG,5 ROOM,245,HOUGANG ST 22,13 TO 15,123,Improved,1984,64 years,520000
63326,2019-12,PASIR RIS,2 ROOM,528A,PASIR RIS ST 51,07 TO 09,47,Model A,2015,94 years 07 months,257000
63529,2019-12,SEMBAWANG,2 ROOM,593B,MONTREAL LINK,04 TO 06,47,Model A,2015,94 years 04 months,225000
64095,2019-12,YISHUN,3 ROOM,243,YISHUN RING RD,04 TO 06,64,Simplified,1985,64 years 09 months,244000
65432,2020-01,SEMBAWANG,2 ROOM,463A,SEMBAWANG DR,01 TO 03,46,Model A,2015,94 years 04 months,195000
65676,2020-01,TAMPINES,2 ROOM,522A,TAMPINES CTRL 7,04 TO 06,47,Model A,2015,94 years 07 months,282000
65692,2020-01,TAMPINES,3 ROOM,266,TAMPINES ST 21,04 TO 06,74,Model A,1984,63 years 06 months,325000
65856,2020-01,TOA PAYOH,EXECUTIVE,20,JOO SENG RD,01 TO 03,155,Maisonette,1988,67 years 07 months,630000
66479,2020-02,BUKIT PANJANG,2 ROOM,488,SEGAR RD,10 TO 12,47,Model A,2014,93 years 10 months,238000
66553,2020-02,CENTRAL AREA,2 ROOM,10,JLN KUKOH,04 TO 06,54,Improved,1971,50 years 04 months,208000
67205,2020-02,SEMBAWANG,4 ROOM,478,SEMBAWANG DR,04 TO 06,90,Model A,2000,79 years 06 months,305000
67455,2020-02,TAMPINES,4 ROOM,890B,TAMPINES AVE 1,13 TO 15,93,Model A,2015,94 years 07 months,571000
68183,2020-03,BUKIT PANJANG,3 ROOM,454,FAJAR RD,07 TO 09,68,Model A,2015,94 years 09 months,338000
68300,2020-03,CENTRAL AREA,3 ROOM,4,TG PAGAR PLAZA,10 TO 12,59,Improved,1977,55 years 11 months,442588
69475,2020-03,WOODLANDS,4 ROOM,782D,WOODLANDS CRES,10 TO 12,92,Model A,2015,94 years 03 months,385000
70783,2020-06,BEDOK,5 ROOM,91,BEDOK NTH ST 4,07 TO 09,117,Standard,1978,57 years 01 month,435000
71130,2020-06,BUKIT TIMAH,5 ROOM,5,TOH YI DR,01 TO 03,127,Improved,1989,68 years 02 months,828000
71534,2020-06,JURONG EAST,3 ROOM,231,JURONG EAST ST 21,07 TO 09,82,New Generation,1981,60 years 03 months,290000
71836,2020-06,PASIR RIS,3 ROOM,527B,PASIR RIS ST 51,04 TO 06,68,Model A,2015,94 years 01 month,385000
73576,2020-07,CENTRAL AREA,5 ROOM,672B,KLANG LANE,01 TO 03,105,Improved,2002,81 years,600000
74210,2020-07,PASIR RIS,2 ROOM,527C,PASIR RIS ST 51,07 TO 09,47,Model A,2015,94 years 01 month,263000
76218,2020-08,GEYLANG,EXECUTIVE,846,SIMS AVE,04 TO 06,147,Maisonette,1985,64 years 02 months,733888
76553,2020-08,JURONG WEST,EXECUTIVE,669C,JURONG WEST ST 64,13 TO 15,130,Apartment,2000,79 years,545000
77974,2020-09,ANG MO KIO,EXECUTIVE,614,ANG MO KIO AVE 4,07 TO 09,147,Apartment,1996,74 years 08 months,796000
78370,2020-09,BUKIT PANJANG,4 ROOM,202,PETIR RD,07 TO 09,104,Model A,1988,67 years,375000
79096,2020-09,PASIR RIS,4 ROOM,150,PASIR RIS ST 13,01 TO 03,108,Model A,1995,73 years 06 months,391000
79288,2020-09,PUNGGOL,4 ROOM,308A,PUNGGOL WALK,01 TO 03,92,Premium Apartment,2016,94 years 06 months,525000
79741,2020-09,SERANGOON,2 ROOM,8,LOR LEW LIAN,10 TO 12,44,Improved,1978,56 years 08 months,220000
79980,2020-09,TAMPINES,MULTI-GENERATION,460,TAMPINES ST 42,07 TO 09,132,Multi Generation,1987,66 years,670000
80053,2020-09,TOA PAYOH,5 ROOM,256,KIM KEAT AVE,04 TO 06,122,Improved,1988,67 years 04 months,583000
80621,2020-10,BISHAN,EXECUTIVE,222,BISHAN ST 23,01 TO 03,146,Maisonette,1992,70 years 10 months,888888
80624,2020-10,BISHAN,MULTI-GENERATION,148,BISHAN ST 11,04 TO 06,160,Multi Generation,1987,65 years 10 months,940000
80901,2020-10,BUKIT PANJANG,EXECUTIVE,532,JELAPANG RD,10 TO 12,142,Maisonette,1999,77 years 05 months,725000
81026,2020-10,CLEMENTI,3 ROOM,432,CLEMENTI AVE 3,07 TO 09,81,New Generation,1978,57 years 03 months,415000
82197,2020-10,SENGKANG,EXECUTIVE,189A,RIVERVALE DR,01 TO 03,130,Apartment,2000,78 years 10 months,490000
82516,2020-10,WOODLANDS,2 ROOM,780A,WOODLANDS CRES,10 TO 12,47,Model A,2015,93 years 10 months,230000
82898,2020-11,BEDOK,2 ROOM,620,BEDOK RESERVOIR RD,07 TO 09,45,Improved,1986,64 years 10 months,238000
83460,2020-11,CLEMENTI,4 ROOM,349,CLEMENTI AVE 2,01 TO 03,92,New Generation,1978,56 years 11 months,401888
83690,2020-11,JURONG EAST,2 ROOM,372,JURONG EAST ST 32,01 TO 03,44,Model A,2014,92 years 04 months,245000
86067,2020-12,HOUGANG,EXECUTIVE,698C,HOUGANG ST 52,04 TO 06,142,Apartment,1999,77 years 03 months,637888
87258,2020-12,TOA PAYOH,3 ROOM,98,LOR 1 TOA PAYOH,04 TO 06,68,Improved,1970,48 years 02 months,280000
87794,2021-01,BEDOK,4 ROOM,763,BEDOK RESERVOIR VIEW,16 TO 18,105,Premium Apartment,2000,79 years,560500
88990,2021-01,PUNGGOL,5 ROOM,106D,PUNGGOL FIELD,13 TO 15,110,Improved,2003,81 years 02 months,458000
90606,2021-02,CHOA CHU KANG,4 ROOM,683A,CHOA CHU KANG CRES,07 TO 09,90,Model A,2002,80 years 06 months,370000
90790,2021-02,GEYLANG,4 ROOM,18D,CIRCUIT RD,13 TO 15,93,Model A,2016,94 years 10 months,760000
91140,2021-02,MARINE PARADE,3 ROOM,64,MARINE DR,01 TO 03,68,Improved,1976,54 years 01 month,382000
93099,2021-03,HOUGANG,4 ROOM,939,HOUGANG ST 92,07 TO 09,101,Model A,1998,75 years 10 months,420000
93519,2021-03,PUNGGOL,2 ROOM,256B,SUMANG WALK,04 TO 06,47,Model A,2016,94 years 09 months,275000
94921,2021-04,BISHAN,4 ROOM,111,BISHAN ST 12,13 TO 15,84,Simplified,1986,63 years 10 months,538000
95812,2021-04,MARINE PARADE,2 ROOM,16,MARINE TER,07 TO 09,42,Improved,1975,52 years 11 months,240000
97951,2021-05,KALLANG/WHAMPOA,5 ROOM,8,BOON KENG RD,01 TO 03,109,DBSS,2011,88 years 09 months,800000
98333,2021-05,SEMBAWANG,5 ROOM,466C,SEMBAWANG DR,10 TO 12,110,Premium Apartment,2006,83 years 10 months,460000
99354,2021-06,BUKIT MERAH,EXECUTIVE,148,SILAT AVE,01 TO 03,156,Adjoined flat,1982,60 years 05 months,750000
99630,2021-06,CLEMENTI,2 ROOM,418,CLEMENTI AVE 1,19 TO 21,50,Model A,2013,91 years 04 months,338000
99891,2021-06,JURONG EAST,EXECUTIVE,288C,JURONG EAST ST 21,04 TO 06,144,Maisonette,2000,77 years 10 months,850000
100012,2021-06,KALLANG/WHAMPOA,2 ROOM,7,JLN BATU,07 TO 09,48,Standard,1970,48 years 01 month,230000
100494,2021-06,QUEENSTOWN,EXECUTIVE,150,MEI LING ST,10 TO 12,148,Apartment,1995,73 years 05 months,1235000
100785,2021-06,SERANGOON,EXECUTIVE,322,SERANGOON AVE 3,01 TO 03,146,Maisonette,1986,63 years 10 months,870000
102286,2021-07,HOUGANG,5 ROOM,306,HOUGANG AVE 5,04 TO 06,135,Model A,1983,60 years 09 months,603888
102694,2021-07,PUNGGOL,3 ROOM,208A,PUNGGOL PL,07 TO 09,67,Model A,2014,91 years 11 months,405000
103003,2021-07,QUEENSTOWN,5 ROOM,86,DAWSON RD,10 TO 12,104,Premium Apartment,2016,94 years 02 months,1000000
103062,2021-07,SENGKANG,2 ROOM,210C,COMPASSVALE LANE,10 TO 12,48,Model A,2013,90 years 08 months,290000
103878,2021-07,YISHUN,4 ROOM,829,YISHUN ST 81,04 TO 06,103,Model A,1988,65 years 09 months,460000
103968,2021-08,ANG MO KIO,3 ROOM,112,ANG MO KIO AVE 4,04 TO 06,74,New Generation,1978,55 years 06 months,330000
104798,2021-08,GEYLANG,5 ROOM,45,JLN TIGA,04 TO 06,110,Improved,2005,82 years 10 months,835000
105634,2021-08,QUEENSTOWN,3 ROOM,164,STIRLING RD,04 TO 06,66,Improved,1970,47 years 06 months,285000
108597,2021-09,SERANGOON,4 ROOM,229,SERANGOON AVE 4,01 TO 03,91,New Generation,1984,61 years 11 months,514000
108981,2021-09,WOODLANDS,5 ROOM,685B,WOODLANDS DR 73,01 TO 03,115,Premium Apartment,2002,80 years 04 months,488000
109472,2021-10,BUKIT BATOK,3 ROOM,244,BT BATOK EAST AVE 5,04 TO 06,67,New Generation,1985,63 years 02 months,330000
109774,2021-10,CHOA CHU KANG,2 ROOM,166B,TECK WHYE CRES,10 TO 12,47,Model A,2015,92 years 05 months,280000
112283,2021-11,CHOA CHU KANG,5 ROOM,13,TECK WHYE LANE,16 TO 18,119,Improved,1979,56 years 03 months,460000
112813,2021-11,JURONG WEST,5 ROOM,696,JURONG WEST CTRL 1,01 TO 03,125,Premium Apartment,1998,75 years 04 months,613000
114052,2021-11,WOODLANDS,EXECUTIVE,636,WOODLANDS RING RD,10 TO 12,142,Maisonette,1999,76 years 10 months,700000
114563,2021-12,BUKIT BATOK,EXECUTIVE,120,BT BATOK CTRL,07 TO 09,150,Maisonette,1985,62 years 04 months,790000
114751,2021-12,BUKIT TIMAH,4 ROOM,1,TOH YI DR,04 TO 06,104,Model A,1988,65 years 08 months,620000
114770,2021-12,CENTRAL AREA,4 ROOM,1G,CANTONMENT RD,04 TO 06,93,Type S1,2011,88 years 02 months,851000
117383,2022-08,ANG MO KIO,5 ROOM,176,ANG MO KIO AVE 4,07 TO 09,136.00,Model A,1993,69 years 08 months,888000
117532,2022-10,ANG MO KIO,4 ROOM,302,ANG MO KIO AVE 3,10 TO 12,98.00,New Generation,1978,54 years 06 months,550000
117955,2022-03,BEDOK,3 ROOM,22,BEDOK STH AVE 1,04 TO 06,73.00,New Generation,1977,54 years 03 months,340000
119244,2022-05,BISHAN,5 ROOM,103,BISHAN ST 12,01 TO 03,121.00,Improved,1986,63 years 07 months,738000
120124,2022-09,BUKIT BATOK,2 ROOM,445B,BT BATOK WEST AVE 8,19 TO 21,47.00,Model A,2019,95 years 05 months,350000
120187,2022-09,BUKIT BATOK,5 ROOM,296A,BT BATOK ST 22,04 TO 06,115.00,Premium Apartment,2018,94 years 07 months,775000
120642,2022-03,BUKIT MERAH,4 ROOM,110A,DEPOT RD,25 TO 27,92.00,Model A,2017,94 years 08 months,818888
120930,2022-07,BUKIT MERAH,1 ROOM,7,TELOK BLANGAH CRES,10 TO 12,31.00,Improved,1975,51 years 09 months,235000
121235,2022-10,BUKIT MERAH,5 ROOM,1,EVERTON PK,07 TO 09,138.00,Improved,1980,57 years 02 months,855000
122341,2022-01,BUKIT TIMAH,EXECUTIVE,2,TOH YI DR,07 TO 09,146.00,Maisonette,1988,65 years 08 months,1202000
122374,2022-09,BUKIT TIMAH,3 ROOM,6,FARRER RD,07 TO 09,76.00,Improved,1974,50 years 08 months,490000
123130,2022-04,CHOA CHU KANG,EXECUTIVE,605,CHOA CHU KANG ST 62,07 TO 09,147.00,Apartment,1996,73 years 01 month,708000
124176,2022-03,CLEMENTI,EXECUTIVE,201,CLEMENTI AVE 6,04 TO 06,150.00,Maisonette,1985,62 years 02 months,868000
125044,2022-08,GEYLANG,3 ROOM,109,ALJUNIED CRES,07 TO 09,60.00,Improved,1986,62 years 06 months,388000
125466,2022-02,HOUGANG,3 ROOM,619,HOUGANG AVE 8,10 TO 12,69.00,Improved,1985,62 years 07 months,355000
127011,2022-09,JURONG EAST,5 ROOM,340,JURONG EAST AVE 1,10 TO 12,155.00,Model A-Maisonette,1984,60 years 10 months,750000
127665,2022-05,JURONG WEST,3 ROOM,560A,JURONG WEST ST 42,10 TO 12,68.00,Model A,2018,94 years 09 months,415000
128538,2022-11,JURONG WEST,4 ROOM,722,JURONG WEST AVE 5,10 TO 12,104.00,Model A,1990,67 years 02 months,465000
129299,2022-07,KALLANG/WHAMPOA,4 ROOM,3D,UPP BOON KENG RD,01 TO 03,85.00,Model A,2006,83 years 02 months,638000
129506,2022-10,KALLANG/WHAMPOA,3 ROOM,75,WHAMPOA DR,04 TO 06,65.00,Improved,1974,50 years 04 months,340000
129832,2022-09,MARINE PARADE,4 ROOM,34,MARINE CRES,07 TO 09,82.00,Improved,1975,51 years 09 months,480000
129890,2022-12,MARINE PARADE,5 ROOM,1,MARINE TER,04 TO 06,120.00,Standard,1975,51 years 03 months,753000
130499,2022-09,PASIR RIS,5 ROOM,227,PASIR RIS ST 21,07 TO 09,137.00,Model A,1993,69 years 11 months,640000
132851,2022-03,QUEENSTOWN,2 ROOM,81,C'WEALTH CL,07 TO 09,46.00,Standard,1967,43 years 11 months,250000
133642,2022-04,SEMBAWANG,3 ROOM,130A,CANBERRA CRES,10 TO 12,68.00,Model A,2018,95 years 06 months,438000
136071,2022-10,SENGKANG,3 ROOM,433A,SENGKANG WEST WAY,10 TO 12,67.00,Model A,2014,91 years 01 month,430000
136277,2022-11,SENGKANG,4 ROOM,467A,FERNVALE LINK,13 TO 15,93.00,Model A,2016,92 years 10 months,548000
136799,2022-07,SERANGOON,5 ROOM,205,SERANGOON CTRL,10 TO 12,122.00,Improved,1986,63 years 05 months,770000
138953,2022-05,TOA PAYOH,2 ROOM,120,LOR 2 TOA PAYOH,04 TO 06,40.00,Standard,1968,45 years 01 month,270000
142543,2022-08,YISHUN,3 ROOM,233,YISHUN ST 21,01 TO 03,67.00,New Generation,1985,62 years 02 months,340000
142934,2022-09,YISHUN,MULTI-GENERATION,633,YISHUN ST 61,10 TO 12,164.00,Multi Generation,1987,64 years 04 months,880000
143244,2022-12,YISHUN,2 ROOM,677A,YISHUN RING RD,04 TO 06,47.00,Model A,2018,94 years 11 months,315000
143400,2023-01,ANG MO KIO,2 ROOM,314,ANG MO KIO AVE 3,07 TO 09,44.00,Improved,1978,54 years 01 month,282000
143977,2023-08,ANG MO KIO,3 ROOM,151,ANG MO KIO AVE 5,04 TO 06,68.00,New Generation,1981,56 years 06 months,355000
144579,2023-02,BEDOK,2 ROOM,620,BEDOK RESERVOIR RD,07 TO 09,45.00,Improved,1986,62 years 06 months,285000
145185,2023-07,BEDOK,5 ROOM,170,BEDOK STH RD,04 TO 06,122.00,Improved,1986,61 years 08 months,660000
145396,2023-09,BEDOK,4 ROOM,93,BEDOK NTH AVE 4,07 TO 09,92.00,New Generation,1979,54 years 10 months,450000
145544,2023-10,BEDOK,EXECUTIVE,94C,BEDOK NTH AVE 4,07 TO 09,141.00,Apartment,1993,68 years 08 months,895000
146039,2023-10,BISHAN,3 ROOM,311,SHUNFU RD,01 TO 03,76.00,New Generation,1984,60 years 02 months,490000
147866,2023-05,BUKIT MERAH,1 ROOM,7,TELOK BLANGAH CRES,01 TO 03,31.00,Improved,1975,50 years 11 months,251000
149295,2023-03,BUKIT TIMAH,4 ROOM,17,TOH YI DR,07 TO 09,104.00,Model A,1988,64 years 05 months,813000
149304,2023-05,BUKIT TIMAH,EXECUTIVE,7,TOH YI DR,04 TO 06,142.00,Apartment,1989,65 years 04 months,1210000
149310,2023-08,BUKIT TIMAH,3 ROOM,8,EMPRESS RD,07 TO 09,76.00,Improved,1976,51 years 08 months,470000
149326,2023-10,BUKIT TIMAH,5 ROOM,13,TOH YI DR,13 TO 15,128.00,Improved,1988,64 years,1180000
149454,2023-08,CENTRAL AREA,2 ROOM,9,JLN KUKOH,10 TO 12,54.00,Improved,1982,57 years 05 months,285000
149464,2023-08,CENTRAL AREA,4 ROOM,1C,CANTONMENT RD,04 TO 06,93.00,Type S1,2011,86 years 06 months,1080000
150164,2023-07,CHOA CHU KANG,4 ROOM,476C,CHOA CHU KANG AVE 5,13 TO 15,92.00,Model A,2013,89 years 02 months,540000
150668,2023-01,CLEMENTI,3 ROOM,715,CLEMENTI WEST ST 2,10 TO 12,68.00,New Generation,1981,57 years 09 months,370000
150724,2023-01,CLEMENTI,EXECUTIVE,335,CLEMENTI AVE 2,04 TO 06,149.00,Adjoined flat,1978,54 years 11 months,898000
151191,2023-11,CLEMENTI,5 ROOM,311B,CLEMENTI AVE 4,25 TO 27,105.00,DBSS,2014,90 years 02 months,1120000
151408,2023-03,GEYLANG,EXECUTIVE,53,PIPIT RD,13 TO 15,146.00,Maisonette,1986,62 years 08 months,928000
151443,2023-04,GEYLANG,5 ROOM,110,ALJUNIED CRES,07 TO 09,121.00,Improved,1980,56 years 04 months,700000
151507,2023-06,GEYLANG,3 ROOM,32,BALAM RD,01 TO 03,57.00,Standard,1973,49 years 01 month,287500
151791,2023-11,GEYLANG,4 ROOM,346,UBI AVE 1,13 TO 15,90.00,Simplified,1986,61 years 03 months,508000
152004,2023-02,HOUGANG,3 ROOM,644,HOUGANG AVE 8,04 TO 06,69.00,Improved,1987,63 years,370000
152175,2023-03,HOUGANG,5 ROOM,653,HOUGANG AVE 8,10 TO 12,120.00,Improved,1987,63 years 10 months,650000
152284,2023-04,HOUGANG,4 ROOM,365A,UPP SERANGOON RD,13 TO 15,92.00,Model A,2018,93 years 10 months,758000
153305,2023-01,JURONG EAST,4 ROOM,24,TEBAN GDNS RD,01 TO 03,107.00,Model A,1993,69 years 07 months,480000
153847,2023-01,JURONG WEST,5 ROOM,654B,JURONG WEST ST 61,10 TO 12,110.00,Improved,2002,78 years 09 months,565000
154210,2023-04,JURONG WEST,EXECUTIVE,274A,JURONG WEST AVE 3,01 TO 03,126.00,Apartment,2001,77 years 09 months,590000
155498,2023-03,KALLANG/WHAMPOA,4 ROOM,38D,BENDEMEER RD,13 TO 15,89.00,Model A,2012,88 years 03 months,820000
155510,2023-04,KALLANG/WHAMPOA,2 ROOM,9,JLN BATU,01 TO 03,49.00,Standard,1970,46 years 03 months,272000
155586,2023-04,KALLANG/WHAMPOA,EXECUTIVE,110,MCNAIR RD,10 TO 12,144.00,Maisonette,1987,63 years 09 months,1020000
156087,2023-01,MARINE PARADE,3 ROOM,31,MARINE CRES,13 TO 15,65.00,Improved,1975,51 years 05 months,412000
156507,2023-05,PASIR RIS,EXECUTIVE,535,PASIR RIS DR 1,04 TO 06,150.00,Apartment,1992,68 years 08 months,848000
156527,2023-06,PASIR RIS,4 ROOM,107,PASIR RIS ST 12,10 TO 12,103.00,Model A,1989,64 years 08 months,555000
158125,2023-08,PUNGGOL,3 ROOM,326C,SUMANG WALK,10 TO 12,68.00,Model A,2018,94 years 03 months,443000
158958,2023-01,QUEENSTOWN,2 ROOM,27,GHIM MOH LINK,22 TO 24,47.00,Model A,2013,89 years 04 months,442000
159143,2023-04,QUEENSTOWN,5 ROOM,51,STRATHMORE AVE,07 TO 09,110.00,Improved,2006,82 years 07 months,975000
159181,2023-05,QUEENSTOWN,4 ROOM,93,DAWSON RD,31 TO 33,87.00,Premium Apartment,2016,92 years,850000
160384,2023-11,SEMBAWANG,2 ROOM,130A,CANBERRA CRES,04 TO 06,38.00,Model A,2018,93 years 11 months,318000
162734,2023-08,SERANGOON,2 ROOM,8,LOR LEW LIAN,10 TO 12,44.00,Improved,1978,54 years,285000
163772,2023-07,TAMPINES,3 ROOM,810,TAMPINES AVE 4,10 TO 12,73.00,Model A,1984,60 years 01 month,423000
166652,2023-08,WOODLANDS,5 ROOM,735,WOODLANDS CIRCLE,10 TO 12,121.00,Improved,1998,73 years 07 months,580000
166865,2023-09,WOODLANDS,EXECUTIVE,650,WOODLANDS RING RD,10 TO 12,141.00,Apartment,1998,73 years 09 months,830000
168438,2023-07,YISHUN,5 ROOM,674B,YISHUN AVE 4,07 TO 09,112.00,Improved,2018,94 years 05 months,720000
170068,2024-10,ANG MO KIO,5 ROOM,310A,ANG MO KIO AVE 1,19 TO 21,121.00,Improved,2012,87 years,1300000
170130,2024-11,ANG MO KIO,4 ROOM,310C,ANG MO KIO AVE 1,25 TO 27,96.00,Model A,2012,87 years,1020000
171600,2024-03,BISHAN,5 ROOM,102,BISHAN ST 12,19 TO 21,121.00,Improved,1987,62 years,950000
172486,2024-05,BUKIT BATOK,2 ROOM,448C,BT BATOK WEST AVE 9,07 TO 09,47.00,Model A,2019,93 years 11 months,340000
173153,2024-09,BUKIT BATOK,3 ROOM,360,BT BATOK ST 31,01 TO 03,68.00,New Generation,1987,62 years 01 month,380000
174438,2024-09,BUKIT MERAH,5 ROOM,134,JLN BT MERAH,13 TO 15,128.00,Improved,1997,71 years 05 months,1000000
174441,2024-09,BUKIT MERAH,4 ROOM,95A,HENDERSON RD,31 TO 33,93.00,Model A,2019,93 years 09 months,1050000
174995,2024-05,BUKIT PANJANG,4 ROOM,616,SENJA RD,10 TO 12,90.00,Model A2,2002,77 years,555000
175028,2024-05,BUKIT PANJANG,EXECUTIVE,452,FAJAR RD,13 TO 15,140.00,Apartment,1997,72 years 01 month,770000
175635,2024-03,CENTRAL AREA,3 ROOM,34,UPP CROSS ST,10 TO 12,65.00,Improved,1975,50 years 04 months,390000
176663,2024-08,CHOA CHU KANG,5 ROOM,673A,CHOA CHU KANG CRES,04 TO 06,124.00,Premium Apartment,1999,74 years 05 months,630000
177005,2024-12,CHOA CHU KANG,3 ROOM,818A,CHOA CHU KANG AVE 1,07 TO 09,67.00,Model A,2017,91 years 10 months,485000
179868,2024-03,JURONG EAST,3 ROOM,104,JURONG EAST ST 13,04 TO 06,68.00,New Generation,1982,57 years 08 months,415000
180102,2024-08,JURONG EAST,2 ROOM,372,JURONG EAST ST 32,01 TO 03,43.00,Model A,2014,88 years 07 months,335000
180163,2024-08,JURONG EAST,EXECUTIVE,336,JURONG EAST AVE 1,10 TO 12,149.00,Maisonette,1985,60 years 02 months,800000
180959,2024-04,JURONG WEST,4 ROOM,347,KANG CHING RD,10 TO 12,102.00,Model A,1997,72 years 02 months,538888
183242,2024-04,MARINE PARADE,4 ROOM,45,MARINE CRES,07 TO 09,88.00,Improved,1975,50 years 01 month,580000
183579,2024-05,PASIR RIS,3 ROOM,527C,PASIR RIS ST 51,04 TO 06,68.00,Model A,2015,90 years 03 months,525000
183961,2024-11,PASIR RIS,5 ROOM,767,PASIR RIS ST 71,16 TO 18,125.00,Improved,1996,71 years,743888
186051,2024-12,PUNGGOL,EXECUTIVE,182,EDGEFIELD PLAINS,13 TO 15,128.00,Premium Apartment,2003,78 years,823000
186565,2024-09,QUEENSTOWN,3 ROOM,1,DOVER RD,01 TO 03,73.00,Improved,1975,49 years 11 months,420000
187522,2024-10,SEMBAWANG,3 ROOM,128B,CANBERRA ST,10 TO 12,68.00,Model A,2018,93 years 01 month,518000
187583,2024-10,SEMBAWANG,EXECUTIVE,303,CANBERRA RD,16 TO 18,141.00,Apartment,1998,73 years 03 months,800000
187640,2024-11,SEMBAWANG,4 ROOM,362C,SEMBAWANG CRES,13 TO 15,93.00,Model A,2019,93 years 07 months,655888
187933,2024-01,SENGKANG,5 ROOM,408A,FERNVALE RD,19 TO 21,115.00,Premium Apartment,2004,80 years,680000
188119,2024-02,SENGKANG,4 ROOM,282A,SENGKANG EAST AVE,07 TO 09,92.00,Premium Apartment,2015,90 years 07 months,782000
189037,2024-08,SENGKANG,3 ROOM,334B,ANCHORVALE CRES,13 TO 15,67.00,Premium Apartment,2015,90 years 05 months,540000
189971,2024-03,SERANGOON,3 ROOM,323,SERANGOON AVE 3,10 TO 12,64.00,Simplified,1985,60 years 10 months,530000
190028,2024-04,SERANGOON,5 ROOM,114,SERANGOON NTH AVE 1,10 TO 12,125.00,Improved,1986,61 years,740000
191884,2024-10,TAMPINES,4 ROOM,109,TAMPINES ST 11,07 TO 09,103.00,Model A,1984,59 years,615000
192423,2024-02,TOA PAYOH,5 ROOM,139B,LOR 1A TOA PAYOH,07 TO 09,110.00,DBSS,2012,87 years 04 months,1170000
192947,2024-10,TOA PAYOH,4 ROOM,79C,TOA PAYOH CTRL,13 TO 15,91.00,Model A,2009,83 years 07 months,932000
193024,2024-11,TOA PAYOH,EXECUTIVE,21,JOO SENG RD,07 TO 09,152.00,Maisonette,1988,62 years 11 months,1200000
193981,2024-06,WOODLANDS,3 ROOM,785B,WOODLANDS RISE,13 TO 15,68.00,Model A,2018,93 years 02 months,470000
199535,2025-04,BISHAN,EXECUTIVE,452,SIN MING AVE,01 TO 03,146.00,Maisonette,1989,63 years 05 months,1250000
199537,2025-05,BISHAN,MULTI-GENERATION,137,BISHAN ST 12,10 TO 12,165.00,Multi Generation,1987,61 years 02 months,1388888
200026,2025-05,BUKIT BATOK,4 ROOM,145,BT BATOK ST 11,01 TO 03,93.00,New Generation,1984,58 years 02 months,505000
200607,2025-08,BUKIT BATOK,5 ROOM,463B,BT BATOK ST 41,01 TO 03,113.00,Improved,2021,95 years,710000
200957,2025-03,BUKIT MERAH,3 ROOM,55,HAVELOCK RD,22 TO 24,69.00,Model A,2013,87 years 03 months,820000
201853,2025-07,BUKIT PANJANG,3 ROOM,149,PETIR RD,04 TO 06,73.00,Model A,1988,62 years 04 months,450000
202415,2025-02,BUKIT PANJANG,5 ROOM,474,SEGAR RD,16 TO 18,111.00,Premium Apartment,2003,77 years,600000
202789,2025-10,CENTRAL AREA,5 ROOM,1B,CANTONMENT RD,28 TO 30,105.00,Type S2,2011,84 years 04 months,1550000
203742,2025-12,CHOA CHU KANG,EXECUTIVE,271,CHOA CHU KANG AVE 2,13 TO 15,143.00,Apartment,1993,66 years 08 months,780000
204122,2025-12,CLEMENTI,4 ROOM,349,CLEMENTI AVE 2,04 TO 06,92.00,New Generation,1978,51 years 10 months,603000
205053,2025-05,HOUGANG,2 ROOM,994B,BUANGKOK LINK,07 TO 09,47.00,2-room,2021,94 years 10 months,373000
206831,2025-11,JURONG WEST,2 ROOM,698A,JURONG WEST CTRL 3,07 TO 09,47.00,Model A,2017,90 years 11 months,416000
209143,2025-02,KALLANG/WHAMPOA,5 ROOM,122,MCNAIR RD,10 TO 12,130.00,Improved,1987,61 years 03 months,900000
209197,2025-07,MARINE PARADE,2 ROOM,15,MARINE TER,01 TO 03,52.00,Improved,1975,48 years 08 months,350000
209352,2025-07,MARINE PARADE,5 ROOM,2,MARINE TER,04 TO 06,120.00,Standard,1975,48 years 06 months,850000
210004,2025-08,PUNGGOL,2 ROOM,408A,NORTHSHORE DR,16 TO 18,47.00,Model A,2021,94 years 09 months,455500
211137,2025-12,PUNGGOL,5 ROOM,134,EDGEDALE PLAINS,07 TO 09,111.00,Premium Apartment,2003,77 years,633000
213364,2025-01,SENGKANG,2 ROOM,443B,FERNVALE RD,07 TO 09,47.00,Model A,2012,86 years 10 months,358888
215442,2025-10,SERANGOON,4 ROOM,420,SERANGOON CTRL,10 TO 12,103.00,Model A,1989,63 years 02 months,858888
217431,2025-04,TAMPINES,EXECUTIVE,892,TAMPINES AVE 8,01 TO 03,137.00,Apartment,1997,70 years 10 months,860000
217554,2025-04,TAMPINES,MULTI-GENERATION,460,TAMPINES ST 42,10 TO 12,166.00,Multi Generation,1987,61 years 05 months,1170000
217560,2025-02,TOA PAYOH,2 ROOM,120,LOR 2 TOA PAYOH,04 TO 06,40.00,Standard,1968,42 years 05 months,280000
219685,2025-02,WOODLANDS,4 ROOM,853,WOODLANDS ST 83,01 TO 03,104.00,Model A,1993,67 years 07 months,530000
220393,2025-07,YISHUN,2 ROOM,672A,YISHUN AVE 4,10 TO 12,47.00,Model A,2018,91 years 06 months,380000
220805,2025-11,YISHUN,3 ROOM,223,YISHUN ST 21,04 TO 06,67.00,New Generation,1986,59 years 03 months,430000
221289,2025-03,YISHUN,4 ROOM,449,YISHUN RING RD,10 TO 12,92.00,Model A,2012,86 years 05 months,610000
222072,2026-02,ANG MO KIO,2 ROOM,314,ANG MO KIO AVE 3,10 TO 12,44.00,Improved,1978,51 years,325000
222103,2026-05,ANG MO KIO,3 ROOM,320,ANG MO KIO AVE 1,07 TO 09,73.00,New Generation,1977,50 years 01 month,468000
222433,2026-03,ANG MO KIO,4 ROOM,543,ANG MO KIO AVE 10,01 TO 03,92.00,New Generation,1981,53 years 11 months,518000
222672,2026-04,ANG MO KIO,5 ROOM,501,ANG MO KIO AVE 5,07 TO 09,121.00,Improved,1981,53 years 10 months,745000
223040,2026-08,BEDOK,3 ROOM,620,BEDOK RESERVOIR RD,04 TO 06,68.00,Improved,1986,59 years 01 month,435000
223305,2026-04,BEDOK,4 ROOM,188B,BEDOK NTH ST 4,07 TO 09,93.00,Model A,2018,91 years 09 months,850000
223610,2026-03,BEDOK,5 ROOM,97,BEDOK NTH AVE 4,04 TO 06,123.00,Standard,1978,51 years 09 months,648000
223768,2026-03,BEDOK,EXECUTIVE,635,BEDOK RESERVOIR RD,13 TO 15,142.00,Apartment,1993,66 years 03 months,1060000
223850,2026-07,BISHAN,3 ROOM,22,SIN MING RD,04 TO 06,68.00,Improved,1973,46 years 04 months,350000
223905,2026-02,BISHAN,4 ROOM,178,BISHAN ST 13,10 TO 12,83.00,Simplified,1987,60 years 09 months,728000
224070,2026-09,BISHAN,5 ROOM,190,BISHAN ST 13,07 TO 09,121.00,Improved,1987,59 years 05 months,1000000
224125,2026-04,BISHAN,EXECUTIVE,261,BISHAN ST 22,04 TO 06,146.00,Maisonette,1992,65 years 04 months,1268000
224166,2026-03,BUKIT BATOK,2 ROOM,438C,BT BATOK WEST AVE 8,13 TO 15,47.00,Model A,2020,92 years 11 months,435000
224759,2026-04,BUKIT BATOK,4 ROOM,451B,BT BATOK WEST AVE 6,10 TO 12,93.00,Model A,2019,92 years,698000
225067,2026-05,BUKIT BATOK,5 ROOM,437A,BT BATOK WEST AVE 5,07 TO 09,113.00,Improved,2020,92 years 10 months,798000
225241,2026-06,BUKIT BATOK,EXECUTIVE,223,BT BATOK EAST AVE 3,13 TO 15,146.00,Apartment,1985,58 years 01 month,945000
225282,2026-04,BUKIT MERAH,1 ROOM,7,TELOK BLANGAH CRES,10 TO 12,31.00,Improved,1975,48 years,272000
225297,2026-03,BUKIT MERAH,2 ROOM,30,JLN KLINIK,04 TO 06,49.00,Standard,1969,42 years 04 months,290000
225455,2026-01,BUKIT MERAH,3 ROOM,12,TAMAN HO SWEE,04 TO 06,66.00,Standard,1970,43 years 01 month,375000
225562,2026-07,BUKIT MERAH,4 ROOM,6B,BOON TIONG RD,19 TO 21,100.00,Model A,2005,78 years 04 months,1200000
226013,2026-01,BUKIT PANJANG,2 ROOM,636A,SENJA RD,07 TO 09,46.00,Model A,2015,88 years 11 months,350000
226220,2026-04,BUKIT PANJANG,4 ROOM,232,PENDING RD,04 TO 06,103.00,Model A,1987,60 years 07 months,560000
226474,2026-03,BUKIT PANJANG,5 ROOM,178,LOMPANG RD,13 TO 15,110.00,Improved,2001,74 years 09 months,872000
226597,2026-08,BUKIT PANJANG,EXECUTIVE,543,JELAPANG RD,07 TO 09,142.00,Maisonette,1999,72 years,1100000
226640,2026-04,BUKIT TIMAH,3 ROOM,3,QUEEN'S RD,10 TO 12,76.00,Improved,1974,47 years,545000
226648,2026-04,BUKIT TIMAH,4 ROOM,14,TOH YI DR,07 TO 09,104.00,Model A,1988,61 years 05 months,950000
226669,2026-07,BUKIT TIMAH,5 ROOM,5,TOH YI DR,07 TO 09,127.00,Improved,1989,62 years,1300000
226677,2026-06,BUKIT TIMAH,EXECUTIVE,3,TOH YI DR,01 TO 03,146.00,Maisonette,1988,61 years 03 months,1330000
226683,2026-08,CENTRAL AREA,2 ROOM,8,JLN KUKOH,04 TO 06,53.00,Improved,1971,43 years 11 months,280000
226730,2026-08,CENTRAL AREA,3 ROOM,637,VEERASAMY RD,04 TO 06,73.00,Model A,1985,57 years 09 months,610000
226775,2026-09,CENTRAL AREA,4 ROOM,26,JLN BERSEH,04 TO 06,87.00,Improved,1979,51 years 10 months,628000
226819,2026-08,CENTRAL AREA,5 ROOM,671B,KLANG LANE,13 TO 15,105.00,Improved,2003,75 years 06 months,787000
226870,2026-04,CHOA CHU KANG,3 ROOM,10,TECK WHYE AVE,10 TO 12,67.00,New Generation,1978,51 years 02 months,360000
227097,2026-03,CHOA CHU KANG,4 ROOM,680,CHOA CHU KANG CRES,04 TO 06,105.00,Premium Apartment,1999,72 years 07 months,510000
227576,2026-02,CHOA CHU KANG,5 ROOM,144,TECK WHYE LANE,04 TO 06,128.00,Improved,1988,61 years 10 months,575000
227599,2026-03,CHOA CHU KANG,EXECUTIVE,458,CHOA CHU KANG AVE 4,13 TO 15,142.00,Premium Apartment,2000,73 years 01 month,754313.1
227655,2026-07,CLEMENTI,2 ROOM,418,CLEMENTI AVE 1,04 TO 06,50.00,Model A,2013,86 years 03 months,425000
227777,2026-04,CLEMENTI,3 ROOM,607,CLEMENTI WEST ST 1,04 TO 06,67.00,New Generation,1979,52 years 08 months,408000
228023,2026-06,CLEMENTI,5 ROOM,311B,CLEMENTI AVE 4,19 TO 21,105.00,DBSS,2014,87 years 07 months,1243000
228042,2026-03,CLEMENTI,EXECUTIVE,116,CLEMENTI ST 13,10 TO 12,149.00,Maisonette,1984,57 years 04 months,1135000
228049,2026-03,GEYLANG,2 ROOM,109,ALJUNIED CRES,07 TO 09,45.00,Improved,1986,58 years 10 months,370000
228073,2026-06,GEYLANG,3 ROOM,98,ALJUNIED CRES,10 TO 12,65.00,Improved,1975,48 years 03 months,435000
228538,2026-08,GEYLANG,5 ROOM,7,PINE CL,13 TO 15,110.00,Improved,2000,72 years 10 months,1338000
228561,2026-09,GEYLANG,EXECUTIVE,326,UBI AVE 1,10 TO 12,146.00,Maisonette,1986,58 years 07 months,1098000
228759,2026-09,HOUGANG,3 ROOM,244,HOUGANG ST 22,10 TO 12,71.00,New Generation,1984,57 years 01 month,430000
229200,2026-02,HOUGANG,4 ROOM,473D,UPP SERANGOON CRES,13 TO 15,93.00,Model A,2017,90 years 05 months,690000
229330,2026-08,HOUGANG,5 ROOM,527,HOUGANG AVE 6,04 TO 06,121.00,Improved,1987,60 years 04 months,765000
229528,2026-04,HOUGANG,EXECUTIVE,563,HOUGANG ST 51,13 TO 15,143.00,Apartment,1992,65 years 06 months,925000
229601,2026-03,JURONG EAST,3 ROOM,210,JURONG EAST ST 21,01 TO 03,82.00,New Generation,1983,56 years 04 months,465000
229787,2026-07,JURONG EAST,4 ROOM,22,TEBAN GDNS RD,25 TO 27,92.00,Model A,2013,86 years 03 months,615000
229845,2026-02,JURONG EAST,5 ROOM,220,JURONG EAST ST 21,10 TO 12,118.00,Improved,1985,58 years 02 months,650000
229945,2026-05,JURONG EAST,EXECUTIVE,285D,TOH GUAN RD,13 TO 15,143.00,Apartment,1998,71 years 07 months,912000
229960,2026-01,JURONG WEST,2 ROOM,150A,CORPORATION DR,10 TO 12,47.00,Model A,2019,92 years 05 months,355000
230066,2026-03,JURONG WEST,3 ROOM,112,HO CHING RD,04 TO 06,68.00,Improved,1970,43 years 07 months,330000
231017,2026-09,JURONG WEST,5 ROOM,164A,YUNG KUANG RD,01 TO 03,113.00,Improved,2018,91 years 02 months,668888
231115,2026-01,JURONG WEST,EXECUTIVE,332,TAH CHING RD,01 TO 03,139.00,Apartment,1997,70 years 02 months,808000
231136,2026-03,KALLANG/WHAMPOA,2 ROOM,805,KING GEORGE'S AVE,04 TO 06,44.00,Improved,1981,54 years 06 months,350000
231339,2026-07,KALLANG/WHAMPOA,3 ROOM,16,UPP BOON KENG RD,01 TO 03,65.00,Improved,1975,47 years 08 months,378000
231464,2026-03,KALLANG/WHAMPOA,4 ROOM,116B,JLN TENTERAM,19 TO 21,93.00,Model A,2017,90 years 09 months,868000
231710,2026-02,KALLANG/WHAMPOA,EXECUTIVE,105,JLN RAJAH,01 TO 03,150.00,Maisonette,1984,57 years 07 months,880000
231724,2026-04,MARINE PARADE,3 ROOM,33,MARINE CRES,01 TO 03,65.00,Improved,1975,48 years 02 months,435000
231771,2026-09,MARINE PARADE,4 ROOM,35,MARINE CRES,01 TO 03,82.00,Improved,1975,47 years 09 months,610000
231795,2026-10,MARINE PARADE,4 ROOM,20,MARINE TER,07 TO 09,88.00,Improved,1975,47 years 04 months,563000
231807,2026-05,MARINE PARADE,5 ROOM,79,MARINE DR,16 TO 18,120.00,Standard,1977,49 years 09 months,1050000
231824,2026-06,PASIR RIS,2 ROOM,528A,PASIR RIS ST 51,04 TO 06,47.00,2-room,2015,88 years 01 month,400000
232014,2026-05,PASIR RIS,4 ROOM,526D,PASIR RIS ST 51,07 TO 09,93.00,Model A,2015,88 years 02 months,760000
232175,2026-05,PASIR RIS,5 ROOM,102,PASIR RIS ST 12,04 TO 06,122.00,Improved,1988,61 years 08 months,710000
232287,2026-09,PASIR RIS,EXECUTIVE,601,ELIAS RD,04 TO 06,149.00,Apartment,1995,67 years 07 months,940000
232582,2026-08,PUNGGOL,3 ROOM,421C,NORTHSHORE DR,16 TO 18,68.00,Model A,2021,94 years 03 months,618000
233365,2026-04,PUNGGOL,4 ROOM,217A,SUMANG WALK,07 TO 09,92.00,Model A,2017,90 years 04 months,650000
233409,2026-05,PUNGGOL,5 ROOM,134,EDGEDALE PLAINS,04 TO 06,112.00,Premium Apartment,2003,76 years 06 months,585000
233770,2026-07,PUNGGOL,EXECUTIVE,114,EDGEFIELD PLAINS,07 TO 09,130.00,Premium Apartment,2003,76 years 01 month,773000
233792,2026-05,QUEENSTOWN,2 ROOM,27,GHIM MOH LINK,28 TO 30,47.00,Model A,2013,86 years,545000
234011,2026-05,QUEENSTOWN,3 ROOM,11,HOLLAND DR,01 TO 03,65.00,Improved,1975,47 years 08 months,550000
234389,2026-05,QUEENSTOWN,5 ROOM,48,STRATHMORE AVE,31 TO 33,110.00,Improved,2006,79 years 08 months,1250000
234401,2026-09,QUEENSTOWN,EXECUTIVE,148,MEI LING ST,07 TO 09,150.00,Apartment,1995,68 years 02 months,1420000
234452,2026-09,SEMBAWANG,2 ROOM,593B,MONTREAL LINK,01 TO 03,47.00,Model A,2015,87 years 08 months,330000
234511,2026-04,SEMBAWANG,3 ROOM,132B,CANBERRA VIEW,04 TO 06,68.00,Model A,2020,93 years 06 months,590000
234805,2026-01,SEMBAWANG,4 ROOM,412,SEMBAWANG DR,07 TO 09,90.00,Model A,2001,74 years 04 months,545000
234869,2026-08,SEMBAWANG,5 ROOM,354A,ADMIRALTY DR,13 TO 15,113.00,Improved,2002,74 years 05 months,668000
235121,2026-06,SENGKANG,2 ROOM,457B,SENGKANG WEST RD,13 TO 15,38.00,2-room,2020,93 years 04 months,375000
235320,2026-02,SENGKANG,4 ROOM,313A,ANCHORVALE RD,04 TO 06,92.00,Premium Apartment,2003,76 years 07 months,585000
236278,2026-07,SENGKANG,5 ROOM,123D,RIVERVALE DR,04 TO 06,116.00,Improved,1999,72 years,630000
236398,2026-09,SENGKANG,EXECUTIVE,307B,ANCHORVALE RD,04 TO 06,128.00,Apartment,2001,74 years 03 months,813800
236503,2026-09,SERANGOON,3 ROOM,302,SERANGOON AVE 2,04 TO 06,69.00,Improved,1985,57 years 07 months,493888
236630,2026-05,SERANGOON,4 ROOM,258,SERANGOON CTRL DR,10 TO 12,99.00,Model A,1999,72 years 01 month,850000
236706,2026-08,SERANGOON,5 ROOM,114,SERANGOON NTH AVE 1,01 TO 03,121.00,Improved,1986,58 years 08 months,685000
236741,2026-08,SERANGOON,EXECUTIVE,234A,SERANGOON AVE 2,01 TO 03,140.00,Apartment,1998,70 years 11 months,1168888
237041,2026-02,TAMPINES,3 ROOM,828,TAMPINES ST 81,01 TO 03,67.00,New Generation,1987,60 years 09 months,485000
237091,2026-01,TAMPINES,4 ROOM,159,SIMEI RD,01 TO 03,109.00,Model A,1989,62 years 01 month,655000
237972,2026-02,TAMPINES,5 ROOM,612B,TAMPINES NTH DR 1,10 TO 12,113.00,Improved,2020,93 years 08 months,968000
238416,2026-10,TAMPINES,EXECUTIVE,867A,TAMPINES ST 83,04 TO 06,146.00,Maisonette,1989,61 years 05 months,1000000
238426,2026-02,TOA PAYOH,2 ROOM,120,LOR 2 TOA PAYOH,04 TO 06,40.00,Standard,1968,41 years 05 months,310000
238450,2026-07,TOA PAYOH,3 ROOM,115C,ALKAFF CRES,16 TO 18,68.00,Model A,2020,93 years 06 months,848000
238976,2026-09,TOA PAYOH,4 ROOM,145,LOR 2 TOA PAYOH,31 TO 33,86.00,Model A,2006,78 years 04 months,975000
239131,2026-09,TOA PAYOH,5 ROOM,138C,LOR 1A TOA PAYOH,04 TO 06,110.00,DBSS,2012,84 years 09 months,1225000
239217,2026-02,WOODLANDS,2 ROOM,182A,WOODLANDS ST 13,16 TO 18,47.00,2-room,2019,92 years 09 months,365000
239344,2026-03,WOODLANDS,3 ROOM,145,WOODLANDS ST 13,10 TO 12,68.00,New Generation,1985,58 years 01 month,378000
240502,2026-05,WOODLANDS,5 ROOM,861,WOODLANDS ST 83,10 TO 12,127.00,Improved,1996,68 years 10 months,725000
240622,2026-05,WOODLANDS,EXECUTIVE,325,WOODLANDS ST 32,07 TO 09,163.00,Apartment,1995,67 years 09 months,950000
240666,2026-01,YISHUN,2 ROOM,438,YISHUN AVE 11,07 TO 09,40.00,Model A,2000,73 years 09 months,330000
240911,2026-07,YISHUN,3 ROOM,160,YISHUN ST 11,10 TO 12,67.00,New Generation,1985,58 years 02 months,430000
241124,2026-04,YISHUN,4 ROOM,674B,YISHUN AVE 4,01 TO 03,93.00,Model A,2018,91 years 07 months,610000
241919,2026-05,YISHUN,MULTI-GENERATION,666,YISHUN AVE 4,04 TO 06,164.00,Multi Generation,1987,60 years 08 months,1120000
