Town,Block,Street,Transactions,Before,After,BeforeCoordinates,AfterCoordinates,ReviewClass,PropertyRows,PostalCandidates,Historical,Footprints,Point
ANG MO KIO,260B,ANG MO KIO ST 21,61,Unmatched,NormalizedAddress,Missing,BlockApproximation,STBeforeNumeric,[4231],"{""562260"":{""d_8575e84912df3c28995b8e6e0e05205a"":[67717,69165,75904,77879,78382,82214,82602,82964,83063],""d_3a3807c023c61ddfba947dc069eb53f2"":[26810,35483,36427,39245,40364,40840,41105,43094,43107,43266,43307,43448,86655],""d_c0650f23e94c42e7a20921f4c5b75c24"":[56785,58754,59410,59415,62077,62711,62755,63178,63320,63323,83470],""d_acbc938ec77af18f94cecc4a7c9ec720"":[16705,29645,31374,31424,31432,31463,31469,31533,31613,54695],""d_124a9bd407c7a25f8335b93b86e50fdd"":[32004,36562,39707,39742,39961,39983],""d_4526d47d6714d3b052eed4a30b8b1ed6"":[27104,27361,27693,27988,29082,29311,29492,29565,29590,29890,31070,31174,31177,31214,31318,31472],""d_b58303c68e9cf0d2ae93b73ffdbfbfa1"":[34839,37673,38911,39858,40075,40221,41871,41957,42009,42176,42220,78680],""d_fa2ed456cf2b8597bb7e064b08fc3c7c"":[32844,34736,35546,35573,35727,36059,38216,39112,39259,39302,39353,39354,39427,39465,39485,39489,39497,39603,72845],""d_85518d970b8178975850457f60f1e738"":[26755,30699,30859,31006],""d_478f45a9c541cbe679ca55d1cd2b970b"":[20319,21549,21644,24564,24734,24735,24792,25303],""d_5573b0db0575db32190a2ad27919a7aa"":[28124,29327,30985,31025,31051,31085,31135,31143,31145],""d_a2141adf93ec2a3c2ec2837b78d6d46e"":[30885,32018,34020,34603,36374,36504,36530,36629,36688,36696,36794,84936,87845],""d_9af9317c646a1c881bb5591c91817cc6"":[38760,45736,49369,52223,52377,52508,54922,54924,54976,55105,55171,55282],""d_67e99e6eabc4aad9b5d48663b579746a"":[23411,24024,27193,27262,27529,27872],""d_5c4ef48b025fdfbc80056401f06e3df9"":[14106,19287,19630,20525,20674,20675],""d_181005ca270b45408b4cdfc954980ca2"":[38092,41522,41629,41711,43785,45792,45901,45908,46039,46127],""d_4130f1d9d365d9f1633536e959f62bb7"":[5087,5696,5699,5713,5716,5723],""d_2b8c54b2a490d2fa36b925289e5d9572"":[28195,29367,29555,31003,31395,31502,31647],""d_df7d2d661c0c11a7c367c9ee4bf896c1"":[69976,81041,87887,89808,93739,94799,95668,99172,99742,100536,100646,100724,100775,101092,101113,101283,102020,105812,105816,105829,105974,106049,106076,106108,106143,106186,106230,106344,106390,106391,106393,106456,106459,106740,106767,106775,106939,108573,108950,109903,213616,221361],""d_72f37e5c5d192951ddc5513c2b134482"":[57139,57476,57556,58000,58148,60837,60843,60852,61087,61176,61194,61196,61229,61325,61371,129234,135261],""d_0cc5f52a1f298b916f317800251057f3"":[5781,10115,11071,11106,11178,11831,12415,12457,12472,12593,24117],""d_e97e8e7fc55b85a38babf66b0fa46b73"":[16013,16500,18185,18297,18303,18373,18413],""d_af2042c77ffaf0db5d75561ce9ef5688"":[22884,23286,23759,25027,25029,25123,25139,25174,25202,25206,25214,25227,25240,25250,25256,25265,25415],""d_1cd970d8351b42be4a308d628a6dd9d3"":[4641,5653,5698,5727,5776,6040],""d_31af23fdb79119ed185c256f03cb5773"":[11172,12717,12944,13686,13736,13742,13775,13785,13804,13812,37149],""d_4e3db8955fdcda6f9944097bef3d2724"":[5008,6495,7185,7726,7731,7734,7764,7772,7790]}}",,"[{""ObjectId"":941443,""EntityId"":11051188,""Block"":""260B"",""PostalCode"":""562260""}]","{""Latitude"":1.3689337686,""Longitude"":103.8339542007}"
BEDOK,59,CHAI CHEE RD,59,Unmatched,NormalizedAddress,Missing,BlockApproximation,RDTerminal,[9581],"{""460059"":{""d_8575e84912df3c28995b8e6e0e05205a"":[59322,74360,87700,87875,97658,101845,140621,153194,166840,170218],""d_3a3807c023c61ddfba947dc069eb53f2"":[28377,79706],""d_c0650f23e94c42e7a20921f4c5b75c24"":[49154,108773,110864,111518,115160,117249,118707],""d_acbc938ec77af18f94cecc4a7c9ec720"":[32516,32853,57468,63808,71369],""d_124a9bd407c7a25f8335b93b86e50fdd"":[78665,80041,80703],""d_4526d47d6714d3b052eed4a30b8b1ed6"":[10057,54281],""d_b58303c68e9cf0d2ae93b73ffdbfbfa1"":[27809,36940,39872,45898,71602,75050],""d_fa2ed456cf2b8597bb7e064b08fc3c7c"":[17754,17995,81999,89120],""d_478f45a9c541cbe679ca55d1cd2b970b"":[59710],""d_5573b0db0575db32190a2ad27919a7aa"":[18313,42961],""d_a2141adf93ec2a3c2ec2837b78d6d46e"":[58783,64961],""d_9af9317c646a1c881bb5591c91817cc6"":[58895,98170,109532],""d_67e99e6eabc4aad9b5d48663b579746a"":[29769,30958,31954],""d_5c4ef48b025fdfbc80056401f06e3df9"":[21709,37427],""d_300ddc8da4e8f7bdc1bfc62d0d99e2e7"":[12466,18122],""d_181005ca270b45408b4cdfc954980ca2"":[35945,43096,80414,90773,93509],""d_2b8c54b2a490d2fa36b925289e5d9572"":[35294,55331,62006],""d_df7d2d661c0c11a7c367c9ee4bf896c1"":[54502,62569,63908,97951,120723,180204,184179,205004,206641,209913,216628,222483],""d_72f37e5c5d192951ddc5513c2b134482"":[45584,67312,73048,74004,114061],""d_0cc5f52a1f298b916f317800251057f3"":[14286,21266],""d_e97e8e7fc55b85a38babf66b0fa46b73"":[20923],""d_af2042c77ffaf0db5d75561ce9ef5688"":[29693,52212,55487],""d_31af23fdb79119ed185c256f03cb5773"":[25896,27805,31048]}}",,"[{""ObjectId"":943682,""EntityId"":7453,""Block"":""59"",""PostalCode"":""460059""}]","{""Latitude"":1.3248839461,""Longitude"":103.9205228962}"
BEDOK,613,BEDOK RESERVOIR RD,30,Unmatched,NormalizedAddress,Missing,BlockApproximation,RDTerminal,[9883],"{""470613"":{""d_8575e84912df3c28995b8e6e0e05205a"":[58272,96314,148669],""d_3a3807c023c61ddfba947dc069eb53f2"":[80674],""d_c0650f23e94c42e7a20921f4c5b75c24"":[36199],""d_acbc938ec77af18f94cecc4a7c9ec720"":[56231],""d_4526d47d6714d3b052eed4a30b8b1ed6"":[15041,65471],""d_b58303c68e9cf0d2ae93b73ffdbfbfa1"":[3121,46583,77951,84633],""d_fa2ed456cf2b8597bb7e064b08fc3c7c"":[24498,85211,91357,92478,93953],""d_85518d970b8178975850457f60f1e738"":[57104],""d_478f45a9c541cbe679ca55d1cd2b970b"":[38819,48920],""d_5573b0db0575db32190a2ad27919a7aa"":[62069,70310],""d_a2141adf93ec2a3c2ec2837b78d6d46e"":[47606,90744],""d_9af9317c646a1c881bb5591c91817cc6"":[45823,113963],""d_5c4ef48b025fdfbc80056401f06e3df9"":[32948,39608],""d_300ddc8da4e8f7bdc1bfc62d0d99e2e7"":[18657],""d_2b8c54b2a490d2fa36b925289e5d9572"":[15236,41827,48769,55097],""d_df7d2d661c0c11a7c367c9ee4bf896c1"":[13644,90320,129783,177732,178272,181625,185123,188783,199146,204734,217732],""d_72f37e5c5d192951ddc5513c2b134482"":[60761,127306],""d_e97e8e7fc55b85a38babf66b0fa46b73"":[17404],""d_af2042c77ffaf0db5d75561ce9ef5688"":[12752,28408,48039],""d_31af23fdb79119ed185c256f03cb5773"":[12470]}}",,"[{""ObjectId"":937284,""EntityId"":11215,""Block"":""613"",""PostalCode"":""470613""}]","{""Latitude"":1.3320347053,""Longitude"":103.9170269642}"
BISHAN,139,BISHAN ST 12,4,Unmatched,NormalizedAddress,Missing,BlockApproximation,STBeforeNumeric,[1520],"{""570139"":{""d_3a3807c023c61ddfba947dc069eb53f2"":[15517],""d_124a9bd407c7a25f8335b93b86e50fdd"":[82570],""d_fa2ed456cf2b8597bb7e064b08fc3c7c"":[6065],""d_85518d970b8178975850457f60f1e738"":[10499],""d_5573b0db0575db32190a2ad27919a7aa"":[62291],""d_9af9317c646a1c881bb5591c91817cc6"":[39337,118242],""d_31af23fdb79119ed185c256f03cb5773"":[8936]}}",,"[{""ObjectId"":943897,""EntityId"":6656,""Block"":""139"",""PostalCode"":""570139""}]","{""Latitude"":1.3452449452,""Longitude"":103.8527672627}"
BISHAN,156,BISHAN ST 13,17,Unmatched,NormalizedAddress,Missing,BlockApproximation,STBeforeNumeric,[1893],"{""570156"":{""d_8575e84912df3c28995b8e6e0e05205a"":[63341,159090],""d_3a3807c023c61ddfba947dc069eb53f2"":[5733,20252,74740,76430,76781],""d_c0650f23e94c42e7a20921f4c5b75c24"":[120044,122847,124621],""d_acbc938ec77af18f94cecc4a7c9ec720"":[11935,55582],""d_124a9bd407c7a25f8335b93b86e50fdd"":[78785],""d_4526d47d6714d3b052eed4a30b8b1ed6"":[2898,4781,28652,68318],""d_fa2ed456cf2b8597bb7e064b08fc3c7c"":[73236,90330],""d_85518d970b8178975850457f60f1e738"":[3839,8027,27253,44531,60344],""d_478f45a9c541cbe679ca55d1cd2b970b"":[17731,54901,57296,61124,67755],""d_5573b0db0575db32190a2ad27919a7aa"":[74763],""d_a2141adf93ec2a3c2ec2837b78d6d46e"":[14368,21232,74966],""d_9af9317c646a1c881bb5591c91817cc6"":[109592],""d_67e99e6eabc4aad9b5d48663b579746a"":[7055,59453],""d_5c4ef48b025fdfbc80056401f06e3df9"":[13291],""d_300ddc8da4e8f7bdc1bfc62d0d99e2e7"":[13727,16646,16812],""d_181005ca270b45408b4cdfc954980ca2"":[25371],""d_2b8c54b2a490d2fa36b925289e5d9572"":[35251],""d_df7d2d661c0c11a7c367c9ee4bf896c1"":[6944,100759,102039,203943,206569,226058],""d_72f37e5c5d192951ddc5513c2b134482"":[19963,114014,118220],""d_0cc5f52a1f298b916f317800251057f3"":[21093],""d_e97e8e7fc55b85a38babf66b0fa46b73"":[6833,30402],""d_af2042c77ffaf0db5d75561ce9ef5688"":[38135],""d_31af23fdb79119ed185c256f03cb5773"":[28404,33364]}}",,"[{""ObjectId"":940515,""EntityId"":12550,""Block"":""156"",""PostalCode"":""570156""}]","{""Latitude"":1.3454680859,""Longitude"":103.8565811409}"
BISHAN,173,BISHAN ST 13,12,Unmatched,NormalizedAddress,Missing,BlockApproximation,STBeforeNumeric,[2272],"{""570173"":{""d_8575e84912df3c28995b8e6e0e05205a"":[155143,166134],""d_c0650f23e94c42e7a20921f4c5b75c24"":[123145],""d_acbc938ec77af18f94cecc4a7c9ec720"":[56996],""d_124a9bd407c7a25f8335b93b86e50fdd"":[22366],""d_4526d47d6714d3b052eed4a30b8b1ed6"":[60256,63660],""d_85518d970b8178975850457f60f1e738"":[30930,52899,56639,57770],""d_5573b0db0575db32190a2ad27919a7aa"":[59823],""d_a2141adf93ec2a3c2ec2837b78d6d46e"":[72540,80223],""d_5c4ef48b025fdfbc80056401f06e3df9"":[34865,39619],""d_181005ca270b45408b4cdfc954980ca2"":[84695,93688,96324],""d_df7d2d661c0c11a7c367c9ee4bf896c1"":[28690,200289,204099,207076,211673],""d_72f37e5c5d192951ddc5513c2b134482"":[33775,47643,64138,114069,124721],""d_0cc5f52a1f298b916f317800251057f3"":[6935]}}",,"[{""ObjectId"":945722,""EntityId"":12251,""Block"":""173"",""PostalCode"":""570173""}]","{""Latitude"":1.3477514275,""Longitude"":103.8542570151}"
BISHAN,253,BISHAN ST 22,14,Unmatched,NormalizedAddress,Missing,BlockApproximation,STBeforeNumeric,[4074],"{""570253"":{""d_8575e84912df3c28995b8e6e0e05205a"":[76014,126071,134913,139182],""d_3a3807c023c61ddfba947dc069eb53f2"":[56105,76782,79355],""d_acbc938ec77af18f94cecc4a7c9ec720"":[66050],""d_124a9bd407c7a25f8335b93b86e50fdd"":[62616],""d_b58303c68e9cf0d2ae93b73ffdbfbfa1"":[9692,64210],""d_fa2ed456cf2b8597bb7e064b08fc3c7c"":[4086,90511],""d_85518d970b8178975850457f60f1e738"":[53823],""d_5573b0db0575db32190a2ad27919a7aa"":[43522,63094,73229],""d_a2141adf93ec2a3c2ec2837b78d6d46e"":[26223,81530,83764],""d_9af9317c646a1c881bb5591c91817cc6"":[13050,91040,100264],""d_67e99e6eabc4aad9b5d48663b579746a"":[27617],""d_181005ca270b45408b4cdfc954980ca2"":[59707],""d_2b8c54b2a490d2fa36b925289e5d9572"":[45454,64832],""d_df7d2d661c0c11a7c367c9ee4bf896c1"":[159114,186383,208679,208714,222709],""d_72f37e5c5d192951ddc5513c2b134482"":[130457,132358,136034],""d_1cd970d8351b42be4a308d628a6dd9d3"":[10617]}}",,"[{""ObjectId"":940048,""EntityId"":3300,""Block"":""253"",""PostalCode"":""570253""}]","{""Latitude"":1.3622225435,""Longitude"":103.8430867793}"
BUKIT MERAH,51,TELOK BLANGAH DR,17,Unmatched,NormalizedAddress,Missing,BlockApproximation,DRTerminal,[8650],"{""100051"":{""d_8575e84912df3c28995b8e6e0e05205a"":[88613,141111,146239,152154],""d_3a3807c023c61ddfba947dc069eb53f2"":[68554,72323,92931],""d_c0650f23e94c42e7a20921f4c5b75c24"":[42496,73665,119503,123833,131191,138135],""d_acbc938ec77af18f94cecc4a7c9ec720"":[67905],""d_124a9bd407c7a25f8335b93b86e50fdd"":[18033,72180],""d_b58303c68e9cf0d2ae93b73ffdbfbfa1"":[25534,70717],""d_fa2ed456cf2b8597bb7e064b08fc3c7c"":[38176,58253,74137],""d_85518d970b8178975850457f60f1e738"":[54406],""d_478f45a9c541cbe679ca55d1cd2b970b"":[12446],""d_5573b0db0575db32190a2ad27919a7aa"":[12654,39852,40314,61183,62231,75024,75737],""d_a2141adf93ec2a3c2ec2837b78d6d46e"":[67980,75406,77117],""d_9af9317c646a1c881bb5591c91817cc6"":[64053,106560],""d_5c4ef48b025fdfbc80056401f06e3df9"":[24043,31565,37764,38629],""d_181005ca270b45408b4cdfc954980ca2"":[44141,70576,78316],""d_2b8c54b2a490d2fa36b925289e5d9572"":[7368,7467,35973],""d_df7d2d661c0c11a7c367c9ee4bf896c1"":[120193,125769,193999,207884,219091],""d_72f37e5c5d192951ddc5513c2b134482"":[74046,81532,117464],""d_0cc5f52a1f298b916f317800251057f3"":[13816],""d_af2042c77ffaf0db5d75561ce9ef5688"":[30650,51613],""d_31af23fdb79119ed185c256f03cb5773"":[14771]}}",,"[{""ObjectId"":937029,""EntityId"":7413,""Block"":""51"",""PostalCode"":""100051""}]","{""Latitude"":1.2735221859,""Longitude"":103.8101451392}"
BUKIT MERAH,58,HAVELOCK RD,44,Unmatched,NormalizedAddress,Missing,BlockApproximation,RDTerminal,[9516],"{""161058"":{""d_8575e84912df3c28995b8e6e0e05205a"":[65356,73647,80694,145724,161107],""d_c0650f23e94c42e7a20921f4c5b75c24"":[122195,137748],""d_acbc938ec77af18f94cecc4a7c9ec720"":[24226,28019,30946],""d_124a9bd407c7a25f8335b93b86e50fdd"":[26895,74321],""d_b58303c68e9cf0d2ae93b73ffdbfbfa1"":[75280],""d_fa2ed456cf2b8597bb7e064b08fc3c7c"":[23482,83336,88604],""d_85518d970b8178975850457f60f1e738"":[58663,58664],""d_478f45a9c541cbe679ca55d1cd2b970b"":[13149,62632],""d_5573b0db0575db32190a2ad27919a7aa"":[29177,34069],""d_a2141adf93ec2a3c2ec2837b78d6d46e"":[31924,81669,89948],""d_9af9317c646a1c881bb5591c91817cc6"":[102561,106516],""d_181005ca270b45408b4cdfc954980ca2"":[42164],""d_df7d2d661c0c11a7c367c9ee4bf896c1"":[81952,196388],""d_72f37e5c5d192951ddc5513c2b134482"":[118883],""d_31af23fdb79119ed185c256f03cb5773"":[33119]}}",,"[{""ObjectId"":939228,""EntityId"":7372,""Block"":""58"",""PostalCode"":""161058""}]","{""Latitude"":1.2901257182,""Longitude"":103.8280931986}"
BUKIT PANJANG,118,PENDING RD,25,Unmatched,NormalizedAddress,Missing,BlockApproximation,RDTerminal,[834],"{""670118"":{""d_8575e84912df3c28995b8e6e0e05205a"":[84413,84602,106648,129192,136347,159617],""d_3a3807c023c61ddfba947dc069eb53f2"":[93814,94112],""d_c0650f23e94c42e7a20921f4c5b75c24"":[36919,120029],""d_acbc938ec77af18f94cecc4a7c9ec720"":[65934],""d_fa2ed456cf2b8597bb7e064b08fc3c7c"":[25400],""d_85518d970b8178975850457f60f1e738"":[46248,53131],""d_478f45a9c541cbe679ca55d1cd2b970b"":[12260],""d_a2141adf93ec2a3c2ec2837b78d6d46e"":[45698,80788,88883,89540],""d_9af9317c646a1c881bb5591c91817cc6"":[99723,108958],""d_67e99e6eabc4aad9b5d48663b579746a"":[48591,48784,52832],""d_5c4ef48b025fdfbc80056401f06e3df9"":[31510],""d_4130f1d9d365d9f1633536e959f62bb7"":[3970],""d_df7d2d661c0c11a7c367c9ee4bf896c1"":[159698,204651,215431],""d_72f37e5c5d192951ddc5513c2b134482"":[127877],""d_0cc5f52a1f298b916f317800251057f3"":[22889],""d_af2042c77ffaf0db5d75561ce9ef5688"":[18858,49504],""d_31af23fdb79119ed185c256f03cb5773"":[34214],""d_4e3db8955fdcda6f9944097bef3d2724"":[15374]}}",,"[{""ObjectId"":948943,""EntityId"":4872,""Block"":""118"",""PostalCode"":""670118""}]","{""Latitude"":1.3768508632,""Longitude"":103.7684637355}"
BUKIT PANJANG,422,FAJAR RD,20,Unmatched,NormalizedAddress,Missing,BlockApproximation,RDTerminal,[7054],"{""670422"":{""d_8575e84912df3c28995b8e6e0e05205a"":[128557,155707],""d_3a3807c023c61ddfba947dc069eb53f2"":[19082],""d_c0650f23e94c42e7a20921f4c5b75c24"":[117517,126629],""d_124a9bd407c7a25f8335b93b86e50fdd"":[48375,75988],""d_b58303c68e9cf0d2ae93b73ffdbfbfa1"":[22785,77052,82867,84363],""d_478f45a9c541cbe679ca55d1cd2b970b"":[56713,60401,61992],""d_5c4ef48b025fdfbc80056401f06e3df9"":[35394],""d_181005ca270b45408b4cdfc954980ca2"":[15155],""d_4130f1d9d365d9f1633536e959f62bb7"":[11431],""d_2b8c54b2a490d2fa36b925289e5d9572"":[68737],""d_df7d2d661c0c11a7c367c9ee4bf896c1"":[33065,153790,220187,222060],""d_72f37e5c5d192951ddc5513c2b134482"":[40647,49422,49454,50651],""d_0cc5f52a1f298b916f317800251057f3"":[20110],""d_e97e8e7fc55b85a38babf66b0fa46b73"":[33806,36393],""d_af2042c77ffaf0db5d75561ce9ef5688"":[48011]}}",,"[{""ObjectId"":942503,""EntityId"":4398,""Block"":""422"",""PostalCode"":""670422""}]","{""Latitude"":1.3850211129,""Longitude"":103.7696810014}"
BUKIT PANJANG,540,JELAPANG RD,22,Unmatched,NormalizedAddress,Missing,BlockApproximation,RDTerminal,[9132],"{""670540"":{""d_8575e84912df3c28995b8e6e0e05205a"":[150546],""d_3a3807c023c61ddfba947dc069eb53f2"":[87473],""d_c0650f23e94c42e7a20921f4c5b75c24"":[47569,72441],""d_acbc938ec77af18f94cecc4a7c9ec720"":[69907],""d_4526d47d6714d3b052eed4a30b8b1ed6"":[23385,48278,50490],""d_fa2ed456cf2b8597bb7e064b08fc3c7c"":[19383,39713],""d_85518d970b8178975850457f60f1e738"":[59255],""d_478f45a9c541cbe679ca55d1cd2b970b"":[58770],""d_5573b0db0575db32190a2ad27919a7aa"":[25701,31243,75773],""d_300ddc8da4e8f7bdc1bfc62d0d99e2e7"":[14137],""d_181005ca270b45408b4cdfc954980ca2"":[85394,86408,89131],""d_df7d2d661c0c11a7c367c9ee4bf896c1"":[46916,199030,221636,227195],""d_0cc5f52a1f298b916f317800251057f3"":[12496,20492],""d_31af23fdb79119ed185c256f03cb5773"":[29506,29790]}}",,"[{""ObjectId"":945176,""EntityId"":3432,""Block"":""540"",""PostalCode"":""670540""}]","{""Latitude"":1.3833874373,""Longitude"":103.7636015601}"
BUKIT PANJANG,602,SENJA RD,23,Unmatched,NormalizedAddress,Missing,BlockApproximation,RDTerminal,[9701],"{""670602"":{""d_8575e84912df3c28995b8e6e0e05205a"":[68203,140231],""d_3a3807c023c61ddfba947dc069eb53f2"":[85704],""d_c0650f23e94c42e7a20921f4c5b75c24"":[139071],""d_acbc938ec77af18f94cecc4a7c9ec720"":[61518,63038],""d_124a9bd407c7a25f8335b93b86e50fdd"":[70378,73661],""d_4526d47d6714d3b052eed4a30b8b1ed6"":[56561],""d_fa2ed456cf2b8597bb7e064b08fc3c7c"":[82659],""d_478f45a9c541cbe679ca55d1cd2b970b"":[50023,51583,53104,54995],""d_a2141adf93ec2a3c2ec2837b78d6d46e"":[80274,80471],""d_5c4ef48b025fdfbc80056401f06e3df9"":[37876],""d_df7d2d661c0c11a7c367c9ee4bf896c1"":[81020,178833,227489],""d_4e3db8955fdcda6f9944097bef3d2724"":[14100]}}",,"[{""ObjectId"":941725,""EntityId"":3666,""Block"":""602"",""PostalCode"":""670602""}]","{""Latitude"":1.3814189239,""Longitude"":103.7627598948}"
BUKIT PANJANG,621,SENJA RD,30,Unmatched,NormalizedAddress,Missing,BlockApproximation,RDTerminal,[10027],"{""670621"":{""d_3a3807c023c61ddfba947dc069eb53f2"":[79187,85871],""d_c0650f23e94c42e7a20921f4c5b75c24"":[18527,114167,116006,132860],""d_acbc938ec77af18f94cecc4a7c9ec720"":[32661,53128],""d_124a9bd407c7a25f8335b93b86e50fdd"":[18863,25812,79086,81475],""d_fa2ed456cf2b8597bb7e064b08fc3c7c"":[47180,91586],""d_85518d970b8178975850457f60f1e738"":[17843,39177],""d_478f45a9c541cbe679ca55d1cd2b970b"":[56779,59258],""d_5573b0db0575db32190a2ad27919a7aa"":[66834],""d_a2141adf93ec2a3c2ec2837b78d6d46e"":[69158,87275],""d_9af9317c646a1c881bb5591c91817cc6"":[33276,89746,119385],""d_67e99e6eabc4aad9b5d48663b579746a"":[26238],""d_181005ca270b45408b4cdfc954980ca2"":[72475,90972],""d_2b8c54b2a490d2fa36b925289e5d9572"":[53786,58745],""d_df7d2d661c0c11a7c367c9ee4bf896c1"":[173188,204233,210410,216194],""d_72f37e5c5d192951ddc5513c2b134482"":[108943,119387],""d_0cc5f52a1f298b916f317800251057f3"":[20774],""d_e97e8e7fc55b85a38babf66b0fa46b73"":[9405,33729],""d_af2042c77ffaf0db5d75561ce9ef5688"":[46100,53992],""d_1cd970d8351b42be4a308d628a6dd9d3"":[12246],""d_31af23fdb79119ed185c256f03cb5773"":[5919,6216,32379,33205]}}",,"[{""ObjectId"":938852,""EntityId"":329,""Block"":""621"",""PostalCode"":""670621""}]","{""Latitude"":1.3861646668,""Longitude"":103.7628542771}"
BUKIT PANJANG,635A,SENJA RD,106,Unmatched,NormalizedAddress,Missing,BlockApproximation,RDTerminal,[10276],"{""671635"":{""d_8575e84912df3c28995b8e6e0e05205a"":[74496,79983,155426,157321,161141,162610,167054,168785],""d_3a3807c023c61ddfba947dc069eb53f2"":[30880,43422,85070,86304,91958],""d_c0650f23e94c42e7a20921f4c5b75c24"":[62386,127581,131528],""d_acbc938ec77af18f94cecc4a7c9ec720"":[28605,64764,69143,69938,70918],""d_124a9bd407c7a25f8335b93b86e50fdd"":[16612,21913,38591,81515,81673],""d_4526d47d6714d3b052eed4a30b8b1ed6"":[30938,62077,68620],""d_b58303c68e9cf0d2ae93b73ffdbfbfa1"":[25874,43094,72361],""d_fa2ed456cf2b8597bb7e064b08fc3c7c"":[84130],""d_85518d970b8178975850457f60f1e738"":[59764],""d_478f45a9c541cbe679ca55d1cd2b970b"":[24562,61347],""d_5573b0db0575db32190a2ad27919a7aa"":[31660],""d_a2141adf93ec2a3c2ec2837b78d6d46e"":[23291],""d_9af9317c646a1c881bb5591c91817cc6"":[51059,55145,109218],""d_67e99e6eabc4aad9b5d48663b579746a"":[26880],""d_5c4ef48b025fdfbc80056401f06e3df9"":[18615,38616],""d_181005ca270b45408b4cdfc954980ca2"":[19119,42742,45120,89732,91380,92803],""d_2b8c54b2a490d2fa36b925289e5d9572"":[56402],""d_df7d2d661c0c11a7c367c9ee4bf896c1"":[57709,68192,103043,109046,109612,206258,207966,215023,216777,221092],""d_72f37e5c5d192951ddc5513c2b134482"":[61345,64498,130822,133768],""d_0cc5f52a1f298b916f317800251057f3"":[13064,23775],""d_af2042c77ffaf0db5d75561ce9ef5688"":[23094,25825,51372,55896],""d_1cd970d8351b42be4a308d628a6dd9d3"":[10787],""d_31af23fdb79119ed185c256f03cb5773"":[10647],""d_4e3db8955fdcda6f9944097bef3d2724"":[16278]}}",,"[{""ObjectId"":938553,""EntityId"":305,""Block"":""635A"",""PostalCode"":""671635""}]","{""Latitude"":1.3866707231,""Longitude"":103.7572080696}"
BUKIT TIMAH,1,QUEEN'S RD,18,Unmatched,NormalizedAddress,Missing,BlockApproximation,RDTerminal,[28],"{""260001"":{""d_3a3807c023c61ddfba947dc069eb53f2"":[20583,60788,78457,90337],""d_c0650f23e94c42e7a20921f4c5b75c24"":[2134,117840,134845],""d_acbc938ec77af18f94cecc4a7c9ec720"":[15914],""d_124a9bd407c7a25f8335b93b86e50fdd"":[22328,64690,80367],""d_4526d47d6714d3b052eed4a30b8b1ed6"":[12946],""d_b58303c68e9cf0d2ae93b73ffdbfbfa1"":[75136,76710],""d_5573b0db0575db32190a2ad27919a7aa"":[22167,40860],""d_a2141adf93ec2a3c2ec2837b78d6d46e"":[21388,80091],""d_9af9317c646a1c881bb5591c91817cc6"":[63778,106271,118126],""d_67e99e6eabc4aad9b5d48663b579746a"":[45573],""d_5c4ef48b025fdfbc80056401f06e3df9"":[2205,19603],""d_300ddc8da4e8f7bdc1bfc62d0d99e2e7"":[17104],""d_181005ca270b45408b4cdfc954980ca2"":[5934,38457,41297,68551,91939],""d_72f37e5c5d192951ddc5513c2b134482"":[2905,18960,69890,108455,127101],""d_af2042c77ffaf0db5d75561ce9ef5688"":[3246],""d_31af23fdb79119ed185c256f03cb5773"":[6102]}}",,"[{""ObjectId"":935828,""EntityId"":11851,""Block"":""1"",""PostalCode"":""260001""}]","{""Latitude"":1.3172663644,""Longitude"":103.8067825457}"
CENTRAL AREA,262,WATERLOO ST,9,Unmatched,NormalizedAddress,Missing,BlockApproximation,STTerminal,[4265],"{""180262"":{""d_8575e84912df3c28995b8e6e0e05205a"":[154095,159574],""d_3a3807c023c61ddfba947dc069eb53f2"":[68157,75565,76510,79412],""d_c0650f23e94c42e7a20921f4c5b75c24"":[23696,128273],""d_acbc938ec77af18f94cecc4a7c9ec720"":[36569,36626],""d_124a9bd407c7a25f8335b93b86e50fdd"":[10089,73901],""d_4526d47d6714d3b052eed4a30b8b1ed6"":[54906],""d_b58303c68e9cf0d2ae93b73ffdbfbfa1"":[68747,75908],""d_478f45a9c541cbe679ca55d1cd2b970b"":[51021,56438,64686,65477],""d_a2141adf93ec2a3c2ec2837b78d6d46e"":[79264],""d_9af9317c646a1c881bb5591c91817cc6"":[30058,87950],""d_67e99e6eabc4aad9b5d48663b579746a"":[211,8751,18129],""d_181005ca270b45408b4cdfc954980ca2"":[35977,37815,41591,78408,83634,91441,95930],""d_2b8c54b2a490d2fa36b925289e5d9572"":[51827],""d_df7d2d661c0c11a7c367c9ee4bf896c1"":[78966,129079,129522],""d_72f37e5c5d192951ddc5513c2b134482"":[73312,98824,126046,130285,131173]}}",,"[{""ObjectId"":946631,""EntityId"":9265,""Block"":""262"",""PostalCode"":""180262""}]","{""Latitude"":1.2985384291,""Longitude"":103.8518565668}"
CHOA CHU KANG,684A,CHOA CHU KANG CRES,29,Unmatched,NormalizedAddress,Missing,BlockApproximation,CRESTerminal,[11064],"{""681684"":{""d_8575e84912df3c28995b8e6e0e05205a"":[82291,143473,148260],""d_c0650f23e94c42e7a20921f4c5b75c24"":[131081],""d_acbc938ec77af18f94cecc4a7c9ec720"":[11952,47160],""d_124a9bd407c7a25f8335b93b86e50fdd"":[31043,71211,72736],""d_b58303c68e9cf0d2ae93b73ffdbfbfa1"":[72908,77515],""d_fa2ed456cf2b8597bb7e064b08fc3c7c"":[70553,92664],""d_a2141adf93ec2a3c2ec2837b78d6d46e"":[68243,87305],""d_9af9317c646a1c881bb5591c91817cc6"":[53098,96082,108953],""d_67e99e6eabc4aad9b5d48663b579746a"":[38068,53932],""d_181005ca270b45408b4cdfc954980ca2"":[73430,86346],""d_4130f1d9d365d9f1633536e959f62bb7"":[1962],""d_df7d2d661c0c11a7c367c9ee4bf896c1"":[212058],""d_72f37e5c5d192951ddc5513c2b134482"":[129681],""d_0cc5f52a1f298b916f317800251057f3"":[18670],""d_e97e8e7fc55b85a38babf66b0fa46b73"":[18731,32999],""d_af2042c77ffaf0db5d75561ce9ef5688"":[53182,56008]}}",,"[{""ObjectId"":946783,""EntityId"":11349,""Block"":""684A"",""PostalCode"":""681684""}]","{""Latitude"":1.4040241059,""Longitude"":103.7467670497}"
CLEMENTI,511,WEST COAST DR,28,Unmatched,NormalizedAddress,Missing,BlockApproximation,DRTerminal,[8681],"{""120511"":{""d_8575e84912df3c28995b8e6e0e05205a"":[17565,34176,41608,47219,76549,83700,129318],""d_3a3807c023c61ddfba947dc069eb53f2"":[25047,82550],""d_c0650f23e94c42e7a20921f4c5b75c24"":[72632,74109,126286,128884,129816],""d_acbc938ec77af18f94cecc4a7c9ec720"":[10017,59947],""d_4526d47d6714d3b052eed4a30b8b1ed6"":[1237,29450,58639],""d_b58303c68e9cf0d2ae93b73ffdbfbfa1"":[35729,39372,47534,76125],""d_fa2ed456cf2b8597bb7e064b08fc3c7c"":[11452,21127,24663,36446,42368,46159,77306,91686],""d_85518d970b8178975850457f60f1e738"":[51778],""d_478f45a9c541cbe679ca55d1cd2b970b"":[14386,28471],""d_5573b0db0575db32190a2ad27919a7aa"":[12348,22228,35149,36601,37911,67047,69571,69660],""d_a2141adf93ec2a3c2ec2837b78d6d46e"":[73123],""d_9af9317c646a1c881bb5591c91817cc6"":[4782,57535,59029,68678,99547,103013],""d_300ddc8da4e8f7bdc1bfc62d0d99e2e7"":[6556],""d_181005ca270b45408b4cdfc954980ca2"":[25693,77680],""d_2b8c54b2a490d2fa36b925289e5d9572"":[18117,57039,62099],""d_df7d2d661c0c11a7c367c9ee4bf896c1"":[56325,73108,80849,82742,113466,115787,128219,183869,185532,196564,199836,209947],""d_72f37e5c5d192951ddc5513c2b134482"":[107277,120220,127512,131224,131982],""d_1cd970d8351b42be4a308d628a6dd9d3"":[6676]}}",,"[{""ObjectId"":945283,""EntityId"":2534,""Block"":""511"",""PostalCode"":""120511""}]","{""Latitude"":1.3103174086,""Longitude"":103.760406363}"
GEYLANG,18,EUNOS CRES,34,Unmatched,NormalizedAddress,Missing,BlockApproximation,CRESTerminal,[2393],"{""400018"":{""d_8575e84912df3c28995b8e6e0e05205a"":[711],""d_c0650f23e94c42e7a20921f4c5b75c24"":[71638,119278,123621],""d_124a9bd407c7a25f8335b93b86e50fdd"":[20228,71719],""d_4526d47d6714d3b052eed4a30b8b1ed6"":[25359],""d_b58303c68e9cf0d2ae93b73ffdbfbfa1"":[85000],""d_fa2ed456cf2b8597bb7e064b08fc3c7c"":[78933,88597],""d_85518d970b8178975850457f60f1e738"":[8280],""d_5573b0db0575db32190a2ad27919a7aa"":[58675],""d_a2141adf93ec2a3c2ec2837b78d6d46e"":[43792,45371,71242],""d_5c4ef48b025fdfbc80056401f06e3df9"":[33079],""d_181005ca270b45408b4cdfc954980ca2"":[91166],""d_2b8c54b2a490d2fa36b925289e5d9572"":[20095,41246],""d_72f37e5c5d192951ddc5513c2b134482"":[114551,118375,137404],""d_0cc5f52a1f298b916f317800251057f3"":[163],""d_af2042c77ffaf0db5d75561ce9ef5688"":[48161],""d_31af23fdb79119ed185c256f03cb5773"":[17134],""d_4e3db8955fdcda6f9944097bef3d2724"":[3847]}}",,"[{""ObjectId"":939846,""EntityId"":170,""Block"":""18"",""PostalCode"":""400018""}]","{""Latitude"":1.3237445142,""Longitude"":103.9043615689}"
GEYLANG,415,EUNOS RD 5,22,Unmatched,NormalizedAddress,Missing,BlockApproximation,RDBeforeNumeric,[6898],"{""400415"":{""d_8575e84912df3c28995b8e6e0e05205a"":[18505,136245,144890,163922,165833],""d_3a3807c023c61ddfba947dc069eb53f2"":[22583,66501,86815],""d_c0650f23e94c42e7a20921f4c5b75c24"":[123109],""d_acbc938ec77af18f94cecc4a7c9ec720"":[66305],""d_124a9bd407c7a25f8335b93b86e50fdd"":[5446,8373,38466,70757],""d_4526d47d6714d3b052eed4a30b8b1ed6"":[1286,25849,50388],""d_b58303c68e9cf0d2ae93b73ffdbfbfa1"":[21223],""d_5573b0db0575db32190a2ad27919a7aa"":[60665,70164],""d_a2141adf93ec2a3c2ec2837b78d6d46e"":[72245,74353,91423],""d_9af9317c646a1c881bb5591c91817cc6"":[88202,92128,111338,115821],""d_67e99e6eabc4aad9b5d48663b579746a"":[6802,14956],""d_5c4ef48b025fdfbc80056401f06e3df9"":[19921],""d_300ddc8da4e8f7bdc1bfc62d0d99e2e7"":[632],""d_181005ca270b45408b4cdfc954980ca2"":[96485,99208],""d_2b8c54b2a490d2fa36b925289e5d9572"":[6331,31931,56491,70123],""d_df7d2d661c0c11a7c367c9ee4bf896c1"":[21336,63709,94268,172651,173265,211963,226736,228415],""d_72f37e5c5d192951ddc5513c2b134482"":[115513,139990],""d_af2042c77ffaf0db5d75561ce9ef5688"":[742,17066],""d_1cd970d8351b42be4a308d628a6dd9d3"":[1640],""d_31af23fdb79119ed185c256f03cb5773"":[28698,37698],""d_4e3db8955fdcda6f9944097bef3d2724"":[11111,17765]}}",,"[{""ObjectId"":940730,""EntityId"":8118,""Block"":""415"",""PostalCode"":""400415""}]","{""Latitude"":1.3183335907,""Longitude"":103.8978549462}"
HOUGANG,155,HOUGANG ST 11,16,Unmatched,NormalizedAddress,Missing,BlockApproximation,STBeforeNumeric,[1879],"{""530155"":{""d_8575e84912df3c28995b8e6e0e05205a"":[48028,72266,153198,158481,167350],""d_3a3807c023c61ddfba947dc069eb53f2"":[69160,89895],""d_c0650f23e94c42e7a20921f4c5b75c24"":[65489,132547,134389,135890],""d_acbc938ec77af18f94cecc4a7c9ec720"":[55773,67506],""d_124a9bd407c7a25f8335b93b86e50fdd"":[75272,80508],""d_4526d47d6714d3b052eed4a30b8b1ed6"":[15445,50849,57755],""d_b58303c68e9cf0d2ae93b73ffdbfbfa1"":[81549],""d_fa2ed456cf2b8597bb7e064b08fc3c7c"":[41850,90980],""d_85518d970b8178975850457f60f1e738"":[52684,57233],""d_478f45a9c541cbe679ca55d1cd2b970b"":[27303,50389],""d_5573b0db0575db32190a2ad27919a7aa"":[32614,57487,73694],""d_a2141adf93ec2a3c2ec2837b78d6d46e"":[45748,80706],""d_9af9317c646a1c881bb5591c91817cc6"":[98526,109913],""d_67e99e6eabc4aad9b5d48663b579746a"":[58329],""d_181005ca270b45408b4cdfc954980ca2"":[80902,82694],""d_df7d2d661c0c11a7c367c9ee4bf896c1"":[194419,225440],""d_72f37e5c5d192951ddc5513c2b134482"":[94993,104629,105705,141829],""d_e97e8e7fc55b85a38babf66b0fa46b73"":[18642,24980],""d_31af23fdb79119ed185c256f03cb5773"":[22217],""d_4e3db8955fdcda6f9944097bef3d2724"":[14191]}}",,"[{""ObjectId"":939410,""EntityId"":5827,""Block"":""155"",""PostalCode"":""530155""}]","{""Latitude"":1.3525680765,""Longitude"":103.8802926798}"
JURONG EAST,246,JURONG EAST ST 24,16,Unmatched,NormalizedAddress,Missing,BlockApproximation,STBeforeNumeric,[3967],"{""600246"":{""d_8575e84912df3c28995b8e6e0e05205a"":[114356],""d_3a3807c023c61ddfba947dc069eb53f2"":[82993,90887],""d_c0650f23e94c42e7a20921f4c5b75c24"":[118705],""d_4526d47d6714d3b052eed4a30b8b1ed6"":[19318,54206,58533,59731],""d_b58303c68e9cf0d2ae93b73ffdbfbfa1"":[74880,77605],""d_fa2ed456cf2b8597bb7e064b08fc3c7c"":[14580],""d_85518d970b8178975850457f60f1e738"":[56335],""d_5573b0db0575db32190a2ad27919a7aa"":[32627,71732],""d_67e99e6eabc4aad9b5d48663b579746a"":[33145,45246,50400,54520],""d_181005ca270b45408b4cdfc954980ca2"":[78320],""d_2b8c54b2a490d2fa36b925289e5d9572"":[61403],""d_df7d2d661c0c11a7c367c9ee4bf896c1"":[63638,67983,127542,199942,207727,222923],""d_72f37e5c5d192951ddc5513c2b134482"":[69194,115852,128539],""d_af2042c77ffaf0db5d75561ce9ef5688"":[15301,23140,49034],""d_31af23fdb79119ed185c256f03cb5773"":[36710]}}",,"[{""ObjectId"":939127,""EntityId"":3530,""Block"":""246"",""PostalCode"":""600246""}]","{""Latitude"":1.3417697219,""Longitude"":103.740054896}"
JURONG WEST,656C,JURONG WEST ST 61,28,Unmatched,NormalizedAddress,Missing,BlockApproximation,STBeforeNumeric,[10624],"{""643656"":{""d_8575e84912df3c28995b8e6e0e05205a"":[50441,134480],""d_3a3807c023c61ddfba947dc069eb53f2"":[72791],""d_c0650f23e94c42e7a20921f4c5b75c24"":[122993,124532,124960],""d_124a9bd407c7a25f8335b93b86e50fdd"":[72917],""d_4526d47d6714d3b052eed4a30b8b1ed6"":[33465,53377],""d_b58303c68e9cf0d2ae93b73ffdbfbfa1"":[28069],""d_fa2ed456cf2b8597bb7e064b08fc3c7c"":[73933],""d_478f45a9c541cbe679ca55d1cd2b970b"":[48547],""d_5573b0db0575db32190a2ad27919a7aa"":[61097],""d_a2141adf93ec2a3c2ec2837b78d6d46e"":[37442,88666,89834],""d_9af9317c646a1c881bb5591c91817cc6"":[45676,101590,106934,111083,113751],""d_67e99e6eabc4aad9b5d48663b579746a"":[16318],""d_5c4ef48b025fdfbc80056401f06e3df9"":[5162],""d_181005ca270b45408b4cdfc954980ca2"":[90050],""d_df7d2d661c0c11a7c367c9ee4bf896c1"":[175075,175678,184855,188535,203479,210764,230410],""d_72f37e5c5d192951ddc5513c2b134482"":[115807,118831],""d_0cc5f52a1f298b916f317800251057f3"":[20443],""d_af2042c77ffaf0db5d75561ce9ef5688"":[11311],""d_31af23fdb79119ed185c256f03cb5773"":[33918]}}",,"[{""ObjectId"":949088,""EntityId"":2704,""Block"":""656C"",""PostalCode"":""643656""}]","{""Latitude"":1.3359870829,""Longitude"":103.6999715735}"
JURONG WEST,661A,JURONG WEST ST 64,14,Unmatched,NormalizedAddress,Missing,BlockApproximation,STBeforeNumeric,[10708],"{""641661"":{""d_8575e84912df3c28995b8e6e0e05205a"":[29417,143828,152714],""d_3a3807c023c61ddfba947dc069eb53f2"":[82531],""d_c0650f23e94c42e7a20921f4c5b75c24"":[124564],""d_124a9bd407c7a25f8335b93b86e50fdd"":[14547,43802],""d_4526d47d6714d3b052eed4a30b8b1ed6"":[16058,59532],""d_b58303c68e9cf0d2ae93b73ffdbfbfa1"":[67671],""d_fa2ed456cf2b8597bb7e064b08fc3c7c"":[34459],""d_85518d970b8178975850457f60f1e738"":[14728],""d_478f45a9c541cbe679ca55d1cd2b970b"":[60828],""d_a2141adf93ec2a3c2ec2837b78d6d46e"":[86865],""d_181005ca270b45408b4cdfc954980ca2"":[85623,94297],""d_4130f1d9d365d9f1633536e959f62bb7"":[10620],""d_df7d2d661c0c11a7c367c9ee4bf896c1"":[11190,68089,134944,220048,230288],""d_72f37e5c5d192951ddc5513c2b134482"":[22719,109126,133194,137813],""d_e97e8e7fc55b85a38babf66b0fa46b73"":[24691]}}",,"[{""ObjectId"":939638,""EntityId"":7109,""Block"":""661A"",""PostalCode"":""641661""}]","{""Latitude"":1.3356794636,""Longitude"":103.7050467866}"
JURONG WEST,915,JURONG WEST ST 91,32,Unmatched,NormalizedAddress,Missing,BlockApproximation,STBeforeNumeric,[12919],"{""640915"":{""d_8575e84912df3c28995b8e6e0e05205a"":[154784,162930],""d_3a3807c023c61ddfba947dc069eb53f2"":[88492],""d_c0650f23e94c42e7a20921f4c5b75c24"":[31787,116259,127630],""d_4526d47d6714d3b052eed4a30b8b1ed6"":[31603],""d_b58303c68e9cf0d2ae93b73ffdbfbfa1"":[76831],""d_fa2ed456cf2b8597bb7e064b08fc3c7c"":[26775,75282,89861],""d_85518d970b8178975850457f60f1e738"":[49015],""d_478f45a9c541cbe679ca55d1cd2b970b"":[24934],""d_a2141adf93ec2a3c2ec2837b78d6d46e"":[88872],""d_9af9317c646a1c881bb5591c91817cc6"":[94309,116876],""d_67e99e6eabc4aad9b5d48663b579746a"":[25186,55668],""d_5c4ef48b025fdfbc80056401f06e3df9"":[13328],""d_181005ca270b45408b4cdfc954980ca2"":[29686],""d_2b8c54b2a490d2fa36b925289e5d9572"":[26076,34001],""d_df7d2d661c0c11a7c367c9ee4bf896c1"":[190246,197242,201450,211876,220339],""d_72f37e5c5d192951ddc5513c2b134482"":[120739,134988],""d_e97e8e7fc55b85a38babf66b0fa46b73"":[35255],""d_af2042c77ffaf0db5d75561ce9ef5688"":[55011],""d_31af23fdb79119ed185c256f03cb5773"":[24520]}}",,"[{""ObjectId"":942488,""EntityId"":11055004,""Block"":""915"",""PostalCode"":""640915""}]","{""Latitude"":1.3410939023,""Longitude"":103.6878705494}"
KALLANG/WHAMPOA,111,MCNAIR RD,23,Unmatched,NormalizedAddress,Missing,BlockApproximation,RDTerminal,[558],"{""320111"":{""d_8575e84912df3c28995b8e6e0e05205a"":[64673,82731,109438,145181,147707,154773,160241,162555],""d_3a3807c023c61ddfba947dc069eb53f2"":[80950,83857,86364],""d_c0650f23e94c42e7a20921f4c5b75c24"":[110006],""d_acbc938ec77af18f94cecc4a7c9ec720"":[12955,48919,69141,69645,73262],""d_124a9bd407c7a25f8335b93b86e50fdd"":[20376],""d_4526d47d6714d3b052eed4a30b8b1ed6"":[19321,49174,59689],""d_b58303c68e9cf0d2ae93b73ffdbfbfa1"":[42011],""d_fa2ed456cf2b8597bb7e064b08fc3c7c"":[41745,85706,93996],""d_85518d970b8178975850457f60f1e738"":[51770,54146],""d_478f45a9c541cbe679ca55d1cd2b970b"":[26171,47408],""d_5573b0db0575db32190a2ad27919a7aa"":[663,58478,67752],""d_a2141adf93ec2a3c2ec2837b78d6d46e"":[76826],""d_67e99e6eabc4aad9b5d48663b579746a"":[14046,46439,59285],""d_181005ca270b45408b4cdfc954980ca2"":[90488,90521],""d_2b8c54b2a490d2fa36b925289e5d9572"":[30857,49976,54453,60696,60753],""d_df7d2d661c0c11a7c367c9ee4bf896c1"":[57121,90852,187070,203666,207120,217771,223644],""d_72f37e5c5d192951ddc5513c2b134482"":[122631],""d_0cc5f52a1f298b916f317800251057f3"":[9227,21092],""d_e97e8e7fc55b85a38babf66b0fa46b73"":[8474,13599,32083,35006,37391],""d_1cd970d8351b42be4a308d628a6dd9d3"":[11436]}}",,"[{""ObjectId"":938302,""EntityId"":7289,""Block"":""111"",""PostalCode"":""320111""}]","{""Latitude"":1.3212747241,""Longitude"":103.8584107385}"
KALLANG/WHAMPOA,48A,DORSET RD,14,Unmatched,NormalizedAddress,Missing,BlockApproximation,RDTerminal,[8159],"{""211048"":{""d_3a3807c023c61ddfba947dc069eb53f2"":[1281,51039],""d_c0650f23e94c42e7a20921f4c5b75c24"":[73921,90577,95845,130101],""d_acbc938ec77af18f94cecc4a7c9ec720"":[36451],""d_b58303c68e9cf0d2ae93b73ffdbfbfa1"":[30063],""d_fa2ed456cf2b8597bb7e064b08fc3c7c"":[74590],""d_5573b0db0575db32190a2ad27919a7aa"":[40234],""d_181005ca270b45408b4cdfc954980ca2"":[53226],""d_df7d2d661c0c11a7c367c9ee4bf896c1"":[41818,181254,187552,195048,198146,200966],""d_72f37e5c5d192951ddc5513c2b134482"":[45905,67846,127718],""d_af2042c77ffaf0db5d75561ce9ef5688"":[16292]}}",,"[{""ObjectId"":939601,""EntityId"":4813,""Block"":""48A"",""PostalCode"":""211048""}]","{""Latitude"":1.3144771927,""Longitude"":103.851071796}"
KALLANG/WHAMPOA,84,WHAMPOA DR,16,Unmatched,NormalizedAddress,Missing,BlockApproximation,DRTerminal,[12423],"{""320084"":{""d_8575e84912df3c28995b8e6e0e05205a"":[153943],""d_3a3807c023c61ddfba947dc069eb53f2"":[83248,84094],""d_c0650f23e94c42e7a20921f4c5b75c24"":[33647,117294,119849,124111,140493],""d_acbc938ec77af18f94cecc4a7c9ec720"":[393,35134,55602,56351,60949,66336,70137,71721],""d_124a9bd407c7a25f8335b93b86e50fdd"":[45753],""d_4526d47d6714d3b052eed4a30b8b1ed6"":[66794],""d_b58303c68e9cf0d2ae93b73ffdbfbfa1"":[76940],""d_fa2ed456cf2b8597bb7e064b08fc3c7c"":[92403],""d_478f45a9c541cbe679ca55d1cd2b970b"":[28363,28761,55330],""d_5573b0db0575db32190a2ad27919a7aa"":[432,511,27246,38550],""d_a2141adf93ec2a3c2ec2837b78d6d46e"":[36435,62562,74577],""d_9af9317c646a1c881bb5591c91817cc6"":[90834,103704],""d_5c4ef48b025fdfbc80056401f06e3df9"":[27233],""d_181005ca270b45408b4cdfc954980ca2"":[78443,94412],""d_df7d2d661c0c11a7c367c9ee4bf896c1"":[46876],""d_72f37e5c5d192951ddc5513c2b134482"":[21692,114295],""d_0cc5f52a1f298b916f317800251057f3"":[20810],""d_e97e8e7fc55b85a38babf66b0fa46b73"":[37330],""d_af2042c77ffaf0db5d75561ce9ef5688"":[27486,50766,57766],""d_1cd970d8351b42be4a308d628a6dd9d3"":[11475]}}",,"[{""ObjectId"":939367,""EntityId"":5393,""Block"":""84"",""PostalCode"":""320084""}]","{""Latitude"":1.3231900596,""Longitude"":103.8570279761}"
MARINE PARADE,63,MARINE DR,26,Unmatched,NormalizedAddress,Missing,BlockApproximation,DRTerminal,[10163],"{""440063"":{""d_8575e84912df3c28995b8e6e0e05205a"":[108428,149504,156596],""d_3a3807c023c61ddfba947dc069eb53f2"":[51262,84076,87299,90439],""d_c0650f23e94c42e7a20921f4c5b75c24"":[48321,50610,118607,124816,126769],""d_acbc938ec77af18f94cecc4a7c9ec720"":[36025,58291],""d_4526d47d6714d3b052eed4a30b8b1ed6"":[56806],""d_b58303c68e9cf0d2ae93b73ffdbfbfa1"":[32864,76761],""d_fa2ed456cf2b8597bb7e064b08fc3c7c"":[81460],""d_85518d970b8178975850457f60f1e738"":[31174,47856,48962,53730],""d_478f45a9c541cbe679ca55d1cd2b970b"":[27710,64353],""d_5573b0db0575db32190a2ad27919a7aa"":[19797,29572,34816,65044,69596],""d_a2141adf93ec2a3c2ec2837b78d6d46e"":[1286,82471,85241],""d_9af9317c646a1c881bb5591c91817cc6"":[119065],""d_67e99e6eabc4aad9b5d48663b579746a"":[50624],""d_5c4ef48b025fdfbc80056401f06e3df9"":[24413],""d_181005ca270b45408b4cdfc954980ca2"":[23669,71250,74688,75713,91350,91799],""d_4130f1d9d365d9f1633536e959f62bb7"":[3071,6788],""d_2b8c54b2a490d2fa36b925289e5d9572"":[9267,20204,22333,63246,70571],""d_df7d2d661c0c11a7c367c9ee4bf896c1"":[64665,201605,205545,221465],""d_72f37e5c5d192951ddc5513c2b134482"":[105956,133175],""d_e97e8e7fc55b85a38babf66b0fa46b73"":[10074,35679],""d_af2042c77ffaf0db5d75561ce9ef5688"":[4767,57341],""d_1cd970d8351b42be4a308d628a6dd9d3"":[11982],""d_31af23fdb79119ed185c256f03cb5773"":[35111],""d_4e3db8955fdcda6f9944097bef3d2724"":[15964]}}",,"[{""ObjectId"":941869,""EntityId"":3595,""Block"":""63"",""PostalCode"":""440063""}]","{""Latitude"":1.3023760643,""Longitude"":103.9092420739}"
PASIR RIS,140,PASIR RIS ST 11,17,Unmatched,NormalizedAddress,Missing,BlockApproximation,STBeforeNumeric,[1574],"{""510140"":{""d_8575e84912df3c28995b8e6e0e05205a"":[170276],""d_3a3807c023c61ddfba947dc069eb53f2"":[76630,85302,87774],""d_c0650f23e94c42e7a20921f4c5b75c24"":[122453,124647],""d_acbc938ec77af18f94cecc4a7c9ec720"":[69686],""d_fa2ed456cf2b8597bb7e064b08fc3c7c"":[89486],""d_478f45a9c541cbe679ca55d1cd2b970b"":[56599,57471,58190],""d_5573b0db0575db32190a2ad27919a7aa"":[52587],""d_a2141adf93ec2a3c2ec2837b78d6d46e"":[29359,34781],""d_9af9317c646a1c881bb5591c91817cc6"":[52796,110587],""d_4130f1d9d365d9f1633536e959f62bb7"":[10812],""d_df7d2d661c0c11a7c367c9ee4bf896c1"":[159085,190254,203306,215155,230145],""d_1cd970d8351b42be4a308d628a6dd9d3"":[5470],""d_31af23fdb79119ed185c256f03cb5773"":[30906]}}",,"[{""ObjectId"":938053,""EntityId"":10886,""Block"":""140"",""PostalCode"":""510140""}]","{""Latitude"":1.3639416908,""Longitude"":103.9590459312}"
PASIR RIS,159,PASIR RIS ST 13,2,Unmatched,NormalizedAddress,Missing,BlockApproximation,STBeforeNumeric,[1965],"{""510159"":{""d_8575e84912df3c28995b8e6e0e05205a"":[18742],""d_c0650f23e94c42e7a20921f4c5b75c24"":[33711],""d_124a9bd407c7a25f8335b93b86e50fdd"":[43516],""d_300ddc8da4e8f7bdc1bfc62d0d99e2e7"":[19241],""d_af2042c77ffaf0db5d75561ce9ef5688"":[41954,54542]}}",,"[{""ObjectId"":942201,""EntityId"":861,""Block"":""159"",""PostalCode"":""510159""}]","{""Latitude"":1.3637651609,""Longitude"":103.9613785432}"
PASIR RIS,206,PASIR RIS ST 21,11,Unmatched,NormalizedAddress,Missing,BlockApproximation,STBeforeNumeric,[2963],"{""510206"":{""d_8575e84912df3c28995b8e6e0e05205a"":[56601],""d_3a3807c023c61ddfba947dc069eb53f2"":[27238,82399,94308],""d_c0650f23e94c42e7a20921f4c5b75c24"":[91564],""d_acbc938ec77af18f94cecc4a7c9ec720"":[10920,22045,22395],""d_124a9bd407c7a25f8335b93b86e50fdd"":[20226,64235,84531],""d_4526d47d6714d3b052eed4a30b8b1ed6"":[56069],""d_fa2ed456cf2b8597bb7e064b08fc3c7c"":[85282],""d_85518d970b8178975850457f60f1e738"":[14849,49514],""d_478f45a9c541cbe679ca55d1cd2b970b"":[65354,65355],""d_5573b0db0575db32190a2ad27919a7aa"":[19483],""d_a2141adf93ec2a3c2ec2837b78d6d46e"":[10200,19556,64995,70018,80194],""d_9af9317c646a1c881bb5591c91817cc6"":[107615,107651],""d_67e99e6eabc4aad9b5d48663b579746a"":[7308],""d_5c4ef48b025fdfbc80056401f06e3df9"":[36733],""d_300ddc8da4e8f7bdc1bfc62d0d99e2e7"":[5849,21016],""d_181005ca270b45408b4cdfc954980ca2"":[24042,26566,44764,59975],""d_df7d2d661c0c11a7c367c9ee4bf896c1"":[53286,151651],""d_72f37e5c5d192951ddc5513c2b134482"":[43545,45360,123182],""d_af2042c77ffaf0db5d75561ce9ef5688"":[40403],""d_4e3db8955fdcda6f9944097bef3d2724"":[13313]}}",,"[{""ObjectId"":947888,""EntityId"":6980,""Block"":""206"",""PostalCode"":""510206""}]","{""Latitude"":1.3663625423,""Longitude"":103.9628342775}"
PASIR RIS,227,PASIR RIS ST 21,23,NormalizedAddress,NormalizedAddress,BlockApproximation,BlockApproximation,STBeforeNumeric,[3573],"{""510227"":{""d_8575e84912df3c28995b8e6e0e05205a"":[62690,137936,152017,155881,157260,160690,166987],""d_3a3807c023c61ddfba947dc069eb53f2"":[32997,72435,83547,85267,88698,93999],""d_c0650f23e94c42e7a20921f4c5b75c24"":[114184,115036,124853],""d_acbc938ec77af18f94cecc4a7c9ec720"":[69967],""d_124a9bd407c7a25f8335b93b86e50fdd"":[24873,80798,84751],""d_b58303c68e9cf0d2ae93b73ffdbfbfa1"":[70460,80061],""d_fa2ed456cf2b8597bb7e064b08fc3c7c"":[25700,76256,88991],""d_85518d970b8178975850457f60f1e738"":[45737],""d_9af9317c646a1c881bb5591c91817cc6"":[107257,109269],""d_181005ca270b45408b4cdfc954980ca2"":[84888,87298,94925,96403,96952],""d_2b8c54b2a490d2fa36b925289e5d9572"":[58026],""d_df7d2d661c0c11a7c367c9ee4bf896c1"":[110740,165955,172256,182727,224266],""d_72f37e5c5d192951ddc5513c2b134482"":[19342],""d_0cc5f52a1f298b916f317800251057f3"":[20714],""d_af2042c77ffaf0db5d75561ce9ef5688"":[26522]}}","{""CacheKey"":""pasir-ris-227-pasir-ris-st-21"",""SearchValue"":""227 PASIR RIS ST 21 SINGAPORE"",""Status"":""HistoricalFirstHit"",""Postal"":""510227"",""UpdatedAt"":""2026-05-24T10:41:44.200Z""}","[{""ObjectId"":942541,""EntityId"":4341,""Block"":""227"",""PostalCode"":""510227""}]","{""Latitude"":1.3716058751,""Longitude"":103.9615566493}"
PASIR RIS,229,PASIR RIS ST 21,23,Unmatched,NormalizedAddress,Missing,BlockApproximation,STBeforeNumeric,[3624],"{""510229"":{""d_8575e84912df3c28995b8e6e0e05205a"":[134782,145662,148326,160068],""d_3a3807c023c61ddfba947dc069eb53f2"":[68175,80109],""d_c0650f23e94c42e7a20921f4c5b75c24"":[8249],""d_acbc938ec77af18f94cecc4a7c9ec720"":[51600,60693,62018,72428],""d_124a9bd407c7a25f8335b93b86e50fdd"":[34243,77238,86025],""d_4526d47d6714d3b052eed4a30b8b1ed6"":[21847],""d_b58303c68e9cf0d2ae93b73ffdbfbfa1"":[74248],""d_fa2ed456cf2b8597bb7e064b08fc3c7c"":[58672,69765],""d_85518d970b8178975850457f60f1e738"":[47223,52147],""d_478f45a9c541cbe679ca55d1cd2b970b"":[56428,58594],""d_5573b0db0575db32190a2ad27919a7aa"":[53728,55224],""d_a2141adf93ec2a3c2ec2837b78d6d46e"":[72967],""d_9af9317c646a1c881bb5591c91817cc6"":[39007,96049],""d_67e99e6eabc4aad9b5d48663b579746a"":[48412,59076,59145],""d_181005ca270b45408b4cdfc954980ca2"":[85947],""d_2b8c54b2a490d2fa36b925289e5d9572"":[56927,59923,59949,61787],""d_df7d2d661c0c11a7c367c9ee4bf896c1"":[109473,202591,211908,213909,215058,217132,224366,227503,233915],""d_72f37e5c5d192951ddc5513c2b134482"":[41215,65091,85354,108267,114127,132279],""d_0cc5f52a1f298b916f317800251057f3"":[22137],""d_e97e8e7fc55b85a38babf66b0fa46b73"":[32794,33216,37961],""d_31af23fdb79119ed185c256f03cb5773"":[25981,30793],""d_4e3db8955fdcda6f9944097bef3d2724"":[14059]}}",,"[{""ObjectId"":938661,""EntityId"":10030,""Block"":""229"",""PostalCode"":""510229""}]","{""Latitude"":1.3724621324,""Longitude"":103.9617805486}"
PASIR RIS,511,PASIR RIS ST 52,11,Unmatched,NormalizedAddress,Missing,BlockApproximation,STBeforeNumeric,[8679],"{""510511"":{""d_8575e84912df3c28995b8e6e0e05205a"":[54075,54864,57405,86484,129202,170045],""d_c0650f23e94c42e7a20921f4c5b75c24"":[135440],""d_acbc938ec77af18f94cecc4a7c9ec720"":[8838],""d_124a9bd407c7a25f8335b93b86e50fdd"":[41489,41540,72374,85737],""d_4526d47d6714d3b052eed4a30b8b1ed6"":[31198],""d_85518d970b8178975850457f60f1e738"":[32109],""d_478f45a9c541cbe679ca55d1cd2b970b"":[66153],""d_5573b0db0575db32190a2ad27919a7aa"":[65496,71844,73942],""d_a2141adf93ec2a3c2ec2837b78d6d46e"":[89924],""d_181005ca270b45408b4cdfc954980ca2"":[82736],""d_2b8c54b2a490d2fa36b925289e5d9572"":[51138],""d_df7d2d661c0c11a7c367c9ee4bf896c1"":[53030,199560,203773],""d_72f37e5c5d192951ddc5513c2b134482"":[45238,56907,64174],""d_af2042c77ffaf0db5d75561ce9ef5688"":[49609],""d_31af23fdb79119ed185c256f03cb5773"":[30560]}}",,"[{""ObjectId"":947414,""EntityId"":516,""Block"":""511"",""PostalCode"":""510511""}]","{""Latitude"":1.3751623373,""Longitude"":103.9441077081}"
PASIR RIS,736,PASIR RIS DR 10,10,Unmatched,NormalizedAddress,Missing,BlockApproximation,DRBeforeNumeric,[11602],"{""510736"":{""d_8575e84912df3c28995b8e6e0e05205a"":[25161,143704,156068],""d_3a3807c023c61ddfba947dc069eb53f2"":[83848],""d_c0650f23e94c42e7a20921f4c5b75c24"":[117392,129921],""d_4526d47d6714d3b052eed4a30b8b1ed6"":[9973,64934,65502],""d_fa2ed456cf2b8597bb7e064b08fc3c7c"":[84533,90490],""d_478f45a9c541cbe679ca55d1cd2b970b"":[63715],""d_5573b0db0575db32190a2ad27919a7aa"":[20115,62970,68967,70818],""d_a2141adf93ec2a3c2ec2837b78d6d46e"":[11949],""d_9af9317c646a1c881bb5591c91817cc6"":[99669,114099,118570],""d_5c4ef48b025fdfbc80056401f06e3df9"":[10139,36645],""d_181005ca270b45408b4cdfc954980ca2"":[81675],""d_4130f1d9d365d9f1633536e959f62bb7"":[11892],""d_df7d2d661c0c11a7c367c9ee4bf896c1"":[70103],""d_72f37e5c5d192951ddc5513c2b134482"":[110893],""d_af2042c77ffaf0db5d75561ce9ef5688"":[45747],""d_31af23fdb79119ed185c256f03cb5773"":[36059]}}",,"[{""ObjectId"":940592,""EntityId"":7472,""Block"":""736"",""PostalCode"":""510736""}]","{""Latitude"":1.3794813111,""Longitude"":103.937439283}"
PUNGGOL,667A,PUNGGOL DR,45,Unmatched,NormalizedAddress,Missing,BlockApproximation,DRTerminal,[10805],"{""821667"":{""d_8575e84912df3c28995b8e6e0e05205a"":[120258,159124,160688,163140],""d_c0650f23e94c42e7a20921f4c5b75c24"":[66308,125804,136048],""d_acbc938ec77af18f94cecc4a7c9ec720"":[63536],""d_124a9bd407c7a25f8335b93b86e50fdd"":[22310,75443],""d_b58303c68e9cf0d2ae93b73ffdbfbfa1"":[76374],""d_85518d970b8178975850457f60f1e738"":[59798],""d_478f45a9c541cbe679ca55d1cd2b970b"":[58191,58908,60050,65377],""d_a2141adf93ec2a3c2ec2837b78d6d46e"":[81717,87319],""d_181005ca270b45408b4cdfc954980ca2"":[93436],""d_df7d2d661c0c11a7c367c9ee4bf896c1"":[211175,220348],""d_72f37e5c5d192951ddc5513c2b134482"":[47676,127367,129803],""d_e97e8e7fc55b85a38babf66b0fa46b73"":[10447,33321],""d_af2042c77ffaf0db5d75561ce9ef5688"":[54616],""d_4e3db8955fdcda6f9944097bef3d2724"":[16201]}}",,"[{""ObjectId"":945246,""EntityId"":11055989,""Block"":""667A"",""PostalCode"":""821667""}]","{""Latitude"":1.4025982953,""Longitude"":103.9140999153}"
QUEENSTOWN,143,MEI LING ST,13,Unmatched,NormalizedAddress,Missing,BlockApproximation,STTerminal,[1635],"{""140143"":{""d_8575e84912df3c28995b8e6e0e05205a"":[158871],""d_3a3807c023c61ddfba947dc069eb53f2"":[88485],""d_c0650f23e94c42e7a20921f4c5b75c24"":[19536,121038,129049,137741],""d_acbc938ec77af18f94cecc4a7c9ec720"":[64691],""d_4526d47d6714d3b052eed4a30b8b1ed6"":[60901],""d_b58303c68e9cf0d2ae93b73ffdbfbfa1"":[72056],""d_fa2ed456cf2b8597bb7e064b08fc3c7c"":[77450,88639],""d_478f45a9c541cbe679ca55d1cd2b970b"":[56218],""d_5573b0db0575db32190a2ad27919a7aa"":[25130],""d_9af9317c646a1c881bb5591c91817cc6"":[114736],""d_5c4ef48b025fdfbc80056401f06e3df9"":[12675],""d_181005ca270b45408b4cdfc954980ca2"":[30300],""d_df7d2d661c0c11a7c367c9ee4bf896c1"":[193590,204946],""d_72f37e5c5d192951ddc5513c2b134482"":[35552,124384,125661,133591],""d_e97e8e7fc55b85a38babf66b0fa46b73"":[20850,34092,37232],""d_af2042c77ffaf0db5d75561ce9ef5688"":[56120]}}",,"[{""ObjectId"":937129,""EntityId"":7893,""Block"":""143"",""PostalCode"":""140143""}]","{""Latitude"":1.2935403289,""Longitude"":103.8047262857}"
QUEENSTOWN,5,GHIM MOH RD,51,Unmatched,NormalizedAddress,Missing,BlockApproximation,RDTerminal,[8393],"{""270005"":{""d_3a3807c023c61ddfba947dc069eb53f2"":[81799],""d_c0650f23e94c42e7a20921f4c5b75c24"":[38705,119395],""d_acbc938ec77af18f94cecc4a7c9ec720"":[57926],""d_124a9bd407c7a25f8335b93b86e50fdd"":[45543,63063,68110,78208],""d_4526d47d6714d3b052eed4a30b8b1ed6"":[69021],""d_b58303c68e9cf0d2ae93b73ffdbfbfa1"":[10351,73774,84603],""d_fa2ed456cf2b8597bb7e064b08fc3c7c"":[18731,46277,47696,85472],""d_85518d970b8178975850457f60f1e738"":[57554],""d_478f45a9c541cbe679ca55d1cd2b970b"":[33981],""d_a2141adf93ec2a3c2ec2837b78d6d46e"":[42166,43404,73814,78424],""d_9af9317c646a1c881bb5591c91817cc6"":[63265,65589,100406,114772],""d_67e99e6eabc4aad9b5d48663b579746a"":[32068,33998,51720],""d_5c4ef48b025fdfbc80056401f06e3df9"":[11147],""d_300ddc8da4e8f7bdc1bfc62d0d99e2e7"":[17264],""d_181005ca270b45408b4cdfc954980ca2"":[54172,84793],""d_4130f1d9d365d9f1633536e959f62bb7"":[4867],""d_2b8c54b2a490d2fa36b925289e5d9572"":[53546],""d_df7d2d661c0c11a7c367c9ee4bf896c1"":[5635,76455,112150,185696,192139,198592,206284,224758],""d_72f37e5c5d192951ddc5513c2b134482"":[68160,73668,96857,119452,127125],""d_e97e8e7fc55b85a38babf66b0fa46b73"":[21812]}}",,"[{""ObjectId"":944123,""EntityId"":4145,""Block"":""5"",""PostalCode"":""270005""}]","{""Latitude"":1.3126864608,""Longitude"":103.7883057879}"
SEMBAWANG,120A,CANBERRA CRES,41,Unmatched,NormalizedAddress,Missing,BlockApproximation,CRESTerminal,[953],"{""751120"":{""d_8575e84912df3c28995b8e6e0e05205a"":[3187,75369,87453,169452],""d_c0650f23e94c42e7a20921f4c5b75c24"":[66310,132130],""d_acbc938ec77af18f94cecc4a7c9ec720"":[14741,69039],""d_124a9bd407c7a25f8335b93b86e50fdd"":[78212],""d_4526d47d6714d3b052eed4a30b8b1ed6"":[64108],""d_85518d970b8178975850457f60f1e738"":[60403],""d_5573b0db0575db32190a2ad27919a7aa"":[29316,70453,70619,71424],""d_67e99e6eabc4aad9b5d48663b579746a"":[28898,57376],""d_5c4ef48b025fdfbc80056401f06e3df9"":[13047,31354],""d_181005ca270b45408b4cdfc954980ca2"":[93927,94871],""d_2b8c54b2a490d2fa36b925289e5d9572"":[63930],""d_df7d2d661c0c11a7c367c9ee4bf896c1"":[85300,106517,115018,213424,217949,219114],""d_72f37e5c5d192951ddc5513c2b134482"":[45405,61767,107298,127918]}}",,"[{""ObjectId"":944273,""EntityId"":11051168,""Block"":""120A"",""PostalCode"":""751120""}]","{""Latitude"":1.4461511207,""Longitude"":103.8322361513}"
SEMBAWANG,131A,CANBERRA CRES,26,Unmatched,NormalizedAddress,Missing,BlockApproximation,CRESTerminal,[1338],"{""751131"":{""d_8575e84912df3c28995b8e6e0e05205a"":[53659,163493],""d_c0650f23e94c42e7a20921f4c5b75c24"":[117770],""d_4526d47d6714d3b052eed4a30b8b1ed6"":[67813],""d_b58303c68e9cf0d2ae93b73ffdbfbfa1"":[79503],""d_9af9317c646a1c881bb5591c91817cc6"":[117234],""d_300ddc8da4e8f7bdc1bfc62d0d99e2e7"":[16585],""d_2b8c54b2a490d2fa36b925289e5d9572"":[35062,67349],""d_df7d2d661c0c11a7c367c9ee4bf896c1"":[208453],""d_af2042c77ffaf0db5d75561ce9ef5688"":[54079],""d_4e3db8955fdcda6f9944097bef3d2724"":[7672]}}",,"[{""ObjectId"":943586,""EntityId"":11055576,""Block"":""131A"",""PostalCode"":""751131""}]","{""Latitude"":1.4438169245,""Longitude"":103.8310298974}"
SEMBAWANG,479,SEMBAWANG DR,28,Unmatched,NormalizedAddress,Missing,BlockApproximation,DRTerminal,[8139],"{""750479"":{""d_c0650f23e94c42e7a20921f4c5b75c24"":[116023],""d_acbc938ec77af18f94cecc4a7c9ec720"":[11336,53723],""d_4526d47d6714d3b052eed4a30b8b1ed6"":[15839],""d_b58303c68e9cf0d2ae93b73ffdbfbfa1"":[77152],""d_fa2ed456cf2b8597bb7e064b08fc3c7c"":[82571],""d_5573b0db0575db32190a2ad27919a7aa"":[67191],""d_9af9317c646a1c881bb5591c91817cc6"":[119249],""d_300ddc8da4e8f7bdc1bfc62d0d99e2e7"":[16685],""d_181005ca270b45408b4cdfc954980ca2"":[78092,99450],""d_df7d2d661c0c11a7c367c9ee4bf896c1"":[162168,182040],""d_72f37e5c5d192951ddc5513c2b134482"":[64385,64387,113314,119699],""d_af2042c77ffaf0db5d75561ce9ef5688"":[11079]}}",,"[{""ObjectId"":939748,""EntityId"":448,""Block"":""479"",""PostalCode"":""750479""}]","{""Latitude"":1.4525493521,""Longitude"":103.8158080535}"
SENGKANG,322A,ANCHORVALE DR,19,Unmatched,NormalizedAddress,Missing,BlockApproximation,DRTerminal,[5483],"{""541322"":{""d_8575e84912df3c28995b8e6e0e05205a"":[133138,152402,167368,169296],""d_c0650f23e94c42e7a20921f4c5b75c24"":[34773,115496,115509,116343,117397,122555,132538],""d_acbc938ec77af18f94cecc4a7c9ec720"":[9501,54521,56952,59054],""d_124a9bd407c7a25f8335b93b86e50fdd"":[22153,54632],""d_4526d47d6714d3b052eed4a30b8b1ed6"":[52324,55607],""d_fa2ed456cf2b8597bb7e064b08fc3c7c"":[81143],""d_85518d970b8178975850457f60f1e738"":[40868],""d_478f45a9c541cbe679ca55d1cd2b970b"":[56684,59516],""d_5573b0db0575db32190a2ad27919a7aa"":[44216],""d_a2141adf93ec2a3c2ec2837b78d6d46e"":[36639,77409,78471,83725],""d_9af9317c646a1c881bb5591c91817cc6"":[107299,117899],""d_67e99e6eabc4aad9b5d48663b579746a"":[26911],""d_300ddc8da4e8f7bdc1bfc62d0d99e2e7"":[8791,8792,8894],""d_181005ca270b45408b4cdfc954980ca2"":[99315],""d_2b8c54b2a490d2fa36b925289e5d9572"":[31154,59028],""d_df7d2d661c0c11a7c367c9ee4bf896c1"":[77885,104066,106998,188244,193822,206522,215943],""d_72f37e5c5d192951ddc5513c2b134482"":[57742,112282,112289,112290,124893,135867],""d_0cc5f52a1f298b916f317800251057f3"":[22904],""d_e97e8e7fc55b85a38babf66b0fa46b73"":[29776],""d_af2042c77ffaf0db5d75561ce9ef5688"":[14043,46774],""d_31af23fdb79119ed185c256f03cb5773"":[8457,31627]}}",,"[{""ObjectId"":944603,""EntityId"":2914,""Block"":""322A"",""PostalCode"":""541322""}]","{""Latitude"":1.3916500691,""Longitude"":103.8923137203}"
TAMPINES,112,SIMEI ST 1,31,Unmatched,NormalizedAddress,Missing,BlockApproximation,STBeforeNumeric,[601],"{""520112"":{""d_8575e84912df3c28995b8e6e0e05205a"":[140113,157246],""d_3a3807c023c61ddfba947dc069eb53f2"":[24713,94193],""d_c0650f23e94c42e7a20921f4c5b75c24"":[114977,126744],""d_acbc938ec77af18f94cecc4a7c9ec720"":[49928,51146,70607],""d_124a9bd407c7a25f8335b93b86e50fdd"":[74715],""d_b58303c68e9cf0d2ae93b73ffdbfbfa1"":[45750,67883],""d_fa2ed456cf2b8597bb7e064b08fc3c7c"":[17155,43582,74947],""d_85518d970b8178975850457f60f1e738"":[57935],""d_5573b0db0575db32190a2ad27919a7aa"":[3966],""d_a2141adf93ec2a3c2ec2837b78d6d46e"":[64465,66401],""d_9af9317c646a1c881bb5591c91817cc6"":[44978,90719,94733,115207],""d_67e99e6eabc4aad9b5d48663b579746a"":[56731],""d_5c4ef48b025fdfbc80056401f06e3df9"":[9254,28326],""d_300ddc8da4e8f7bdc1bfc62d0d99e2e7"":[3857,18627],""d_181005ca270b45408b4cdfc954980ca2"":[39362,94157],""d_4130f1d9d365d9f1633536e959f62bb7"":[3771,10915],""d_2b8c54b2a490d2fa36b925289e5d9572"":[61549],""d_df7d2d661c0c11a7c367c9ee4bf896c1"":[113069,175564,180070,184114,222596],""d_72f37e5c5d192951ddc5513c2b134482"":[97605,123494,124837,141382],""d_31af23fdb79119ed185c256f03cb5773"":[37744]}}",,"[{""ObjectId"":937553,""EntityId"":11056778,""Block"":""112"",""PostalCode"":""520112""}]","{""Latitude"":1.3430246551,""Longitude"":103.9495598312}"
TAMPINES,358,TAMPINES ST 33,14,Unmatched,NormalizedAddress,Missing,BlockApproximation,STBeforeNumeric,[6142],"{""520358"":{""d_8575e84912df3c28995b8e6e0e05205a"":[145422,151322,152767],""d_c0650f23e94c42e7a20921f4c5b75c24"":[130401],""d_124a9bd407c7a25f8335b93b86e50fdd"":[14549],""d_4526d47d6714d3b052eed4a30b8b1ed6"":[26809],""d_fa2ed456cf2b8597bb7e064b08fc3c7c"":[63553,84223],""d_478f45a9c541cbe679ca55d1cd2b970b"":[60946],""d_5573b0db0575db32190a2ad27919a7aa"":[58312,76217],""d_a2141adf93ec2a3c2ec2837b78d6d46e"":[69895,85743],""d_9af9317c646a1c881bb5591c91817cc6"":[109788],""d_67e99e6eabc4aad9b5d48663b579746a"":[44362],""d_300ddc8da4e8f7bdc1bfc62d0d99e2e7"":[1087],""d_181005ca270b45408b4cdfc954980ca2"":[93506],""d_2b8c54b2a490d2fa36b925289e5d9572"":[50767,68891],""d_df7d2d661c0c11a7c367c9ee4bf896c1"":[228103],""d_72f37e5c5d192951ddc5513c2b134482"":[131169],""d_e97e8e7fc55b85a38babf66b0fa46b73"":[34153]}}",,"[{""ObjectId"":940561,""EntityId"":8543,""Block"":""358"",""PostalCode"":""520358""}]","{""Latitude"":1.3544744832,""Longitude"":103.9610711113}"
TAMPINES,406,TAMPINES ST 41,55,Unmatched,NormalizedAddress,Missing,BlockApproximation,STBeforeNumeric,[6691],"{""520406"":{""d_8575e84912df3c28995b8e6e0e05205a"":[15161,52189,70369,82033,109205,126313,135950,140355,142680,155944,158618],""d_3a3807c023c61ddfba947dc069eb53f2"":[8103,13380,13607,24652,28899,33860,34774,57233,61893,67973,68676,72693,72709,76153,77019],""d_c0650f23e94c42e7a20921f4c5b75c24"":[40869,78751,79589,104922,106158,107477,117583,119640,126857],""d_acbc938ec77af18f94cecc4a7c9ec720"":[14619,27257,37766,56685,66331],""d_124a9bd407c7a25f8335b93b86e50fdd"":[3411,58150,60592,61821,66079,68214,68975,73308,83473],""d_4526d47d6714d3b052eed4a30b8b1ed6"":[43127,52679,58248,59261,69783],""d_b58303c68e9cf0d2ae93b73ffdbfbfa1"":[61638,78970,84522],""d_fa2ed456cf2b8597bb7e064b08fc3c7c"":[51589,58636,74608,74792,76260,85112,91209],""d_85518d970b8178975850457f60f1e738"":[13614,46102,55930],""d_478f45a9c541cbe679ca55d1cd2b970b"":[11739,35571,39188,45550,55755],""d_5573b0db0575db32190a2ad27919a7aa"":[10358,19501,34296,41516,47603,49736,51815,52036,57662,60690,61625],""d_a2141adf93ec2a3c2ec2837b78d6d46e"":[1289,27671,41772,60508,61154,75314],""d_9af9317c646a1c881bb5591c91817cc6"":[18346,40561,55582,60163,84424,106337],""d_67e99e6eabc4aad9b5d48663b579746a"":[23942,34845,53966],""d_5c4ef48b025fdfbc80056401f06e3df9"":[34569],""d_300ddc8da4e8f7bdc1bfc62d0d99e2e7"":[12176,12342,16382,18783],""d_181005ca270b45408b4cdfc954980ca2"":[10473,80472,82722],""d_2b8c54b2a490d2fa36b925289e5d9572"":[15692,16471,38202,40326,59542,64667,66179],""d_df7d2d661c0c11a7c367c9ee4bf896c1"":[6721,26205,40624,57019,155052,170092,180149,184773,200421,228154,228401],""d_72f37e5c5d192951ddc5513c2b134482"":[21397,33305,41425,75949,76191,96653,96718,101056,106015,116303,117054,120530,127826,128147,140812],""d_e97e8e7fc55b85a38babf66b0fa46b73"":[5627,12023,19591,34161],""d_af2042c77ffaf0db5d75561ce9ef5688"":[785,9188,16998,48421,48887,52075],""d_1cd970d8351b42be4a308d628a6dd9d3"":[9084],""d_31af23fdb79119ed185c256f03cb5773"":[27877,30412,30978,33398,34648],""d_4e3db8955fdcda6f9944097bef3d2724"":[9371,15971]}}",,"[{""ObjectId"":944585,""EntityId"":10881,""Block"":""406"",""PostalCode"":""520406""}]","{""Latitude"":1.3580593963,""Longitude"":103.9457928844}"
TAMPINES,487B,TAMPINES ST 45,22,Unmatched,NormalizedAddress,Missing,BlockApproximation,STBeforeNumeric,[8243],"{""521487"":{""d_8575e84912df3c28995b8e6e0e05205a"":[126099,153040,159978,171184],""d_3a3807c023c61ddfba947dc069eb53f2"":[80248,89320],""d_c0650f23e94c42e7a20921f4c5b75c24"":[119073,124501,124796],""d_acbc938ec77af18f94cecc4a7c9ec720"":[42444],""d_124a9bd407c7a25f8335b93b86e50fdd"":[14904,78275,83502],""d_4526d47d6714d3b052eed4a30b8b1ed6"":[52198],""d_b58303c68e9cf0d2ae93b73ffdbfbfa1"":[56297,75365],""d_fa2ed456cf2b8597bb7e064b08fc3c7c"":[82412,86988],""d_85518d970b8178975850457f60f1e738"":[39377,54679],""d_478f45a9c541cbe679ca55d1cd2b970b"":[8326],""d_5573b0db0575db32190a2ad27919a7aa"":[60041,73481],""d_a2141adf93ec2a3c2ec2837b78d6d46e"":[37149,80176,81324,86430],""d_9af9317c646a1c881bb5591c91817cc6"":[62155,100312],""d_181005ca270b45408b4cdfc954980ca2"":[49173,91014],""d_2b8c54b2a490d2fa36b925289e5d9572"":[60131,61370,65773],""d_df7d2d661c0c11a7c367c9ee4bf896c1"":[162301,220977,228654],""d_e97e8e7fc55b85a38babf66b0fa46b73"":[9670,32304]}}",,"[{""ObjectId"":948487,""EntityId"":11741,""Block"":""487B"",""PostalCode"":""521487""}]","{""Latitude"":1.360265235,""Longitude"":103.9582674715}"
TAMPINES,496B,TAMPINES ST 43,22,Unmatched,NormalizedAddress,Missing,BlockApproximation,STBeforeNumeric,[8345],"{""525496"":{""d_8575e84912df3c28995b8e6e0e05205a"":[143776],""d_3a3807c023c61ddfba947dc069eb53f2"":[80638],""d_c0650f23e94c42e7a20921f4c5b75c24"":[92049],""d_b58303c68e9cf0d2ae93b73ffdbfbfa1"":[59822,76199],""d_fa2ed456cf2b8597bb7e064b08fc3c7c"":[83134],""d_85518d970b8178975850457f60f1e738"":[54797,56760],""d_5573b0db0575db32190a2ad27919a7aa"":[69289],""d_a2141adf93ec2a3c2ec2837b78d6d46e"":[92818],""d_9af9317c646a1c881bb5591c91817cc6"":[91224],""d_67e99e6eabc4aad9b5d48663b579746a"":[33857],""d_df7d2d661c0c11a7c367c9ee4bf896c1"":[90848,179710],""d_72f37e5c5d192951ddc5513c2b134482"":[110000,117705],""d_e97e8e7fc55b85a38babf66b0fa46b73"":[34204]}}",,"[{""ObjectId"":942998,""EntityId"":8072,""Block"":""496B"",""PostalCode"":""525496""}]","{""Latitude"":1.3615338248,""Longitude"":103.9509961135}"
TAMPINES,620A,TAMPINES ST 61,21,Unmatched,NormalizedAddress,Missing,BlockApproximation,STBeforeNumeric,[10019],"{""521620"":{""d_8575e84912df3c28995b8e6e0e05205a"":[88852,164988],""d_c0650f23e94c42e7a20921f4c5b75c24"":[53856,56452,136125],""d_acbc938ec77af18f94cecc4a7c9ec720"":[68530],""d_5573b0db0575db32190a2ad27919a7aa"":[70525,73324],""d_a2141adf93ec2a3c2ec2837b78d6d46e"":[87709],""d_67e99e6eabc4aad9b5d48663b579746a"":[56586],""d_5c4ef48b025fdfbc80056401f06e3df9"":[38601],""d_181005ca270b45408b4cdfc954980ca2"":[99251],""d_2b8c54b2a490d2fa36b925289e5d9572"":[32052],""d_df7d2d661c0c11a7c367c9ee4bf896c1"":[111972,117107,163081,233200],""d_af2042c77ffaf0db5d75561ce9ef5688"":[56317]}}",,"[{""ObjectId"":946071,""EntityId"":11051982,""Block"":""620A"",""PostalCode"":""521620""}]","{""Latitude"":1.361394813,""Longitude"":103.9386887377}"
TAMPINES,711,TAMPINES ST 71,21,Unmatched,NormalizedAddress,Missing,BlockApproximation,STBeforeNumeric,[11396],"{""520711"":{""d_8575e84912df3c28995b8e6e0e05205a"":[130230],""d_3a3807c023c61ddfba947dc069eb53f2"":[75088],""d_c0650f23e94c42e7a20921f4c5b75c24"":[129104],""d_acbc938ec77af18f94cecc4a7c9ec720"":[63767],""d_124a9bd407c7a25f8335b93b86e50fdd"":[78398],""d_4526d47d6714d3b052eed4a30b8b1ed6"":[17535,51069],""d_fa2ed456cf2b8597bb7e064b08fc3c7c"":[28921],""d_85518d970b8178975850457f60f1e738"":[47944],""d_478f45a9c541cbe679ca55d1cd2b970b"":[56393,60476,65018,66532],""d_a2141adf93ec2a3c2ec2837b78d6d46e"":[71492],""d_9af9317c646a1c881bb5591c91817cc6"":[88631,92942,107955,117262],""d_67e99e6eabc4aad9b5d48663b579746a"":[11857,44998,45598,53305,59342],""d_181005ca270b45408b4cdfc954980ca2"":[70073,80951,88891],""d_df7d2d661c0c11a7c367c9ee4bf896c1"":[865,59910,78392,220010],""d_0cc5f52a1f298b916f317800251057f3"":[22262],""d_af2042c77ffaf0db5d75561ce9ef5688"":[37393,44327,46386],""d_31af23fdb79119ed185c256f03cb5773"":[35781]}}",,"[{""ObjectId"":945718,""EntityId"":2678,""Block"":""711"",""PostalCode"":""520711""}]","{""Latitude"":1.3585194864,""Longitude"":103.9371606257}"
TAMPINES,882,TAMPINES ST 84,13,Unmatched,NormalizedAddress,Missing,BlockApproximation,STBeforeNumeric,[12720],"{""521882"":{""d_8575e84912df3c28995b8e6e0e05205a"":[58606,111222,173141],""d_3a3807c023c61ddfba947dc069eb53f2"":[88209],""d_c0650f23e94c42e7a20921f4c5b75c24"":[90136,110558,126904],""d_acbc938ec77af18f94cecc4a7c9ec720"":[65577],""d_124a9bd407c7a25f8335b93b86e50fdd"":[53390,80110,84445],""d_4526d47d6714d3b052eed4a30b8b1ed6"":[58149,60942],""d_b58303c68e9cf0d2ae93b73ffdbfbfa1"":[77540],""d_fa2ed456cf2b8597bb7e064b08fc3c7c"":[57271],""d_478f45a9c541cbe679ca55d1cd2b970b"":[62678],""d_a2141adf93ec2a3c2ec2837b78d6d46e"":[73162],""d_67e99e6eabc4aad9b5d48663b579746a"":[56426],""d_300ddc8da4e8f7bdc1bfc62d0d99e2e7"":[19296],""d_181005ca270b45408b4cdfc954980ca2"":[43321,86855],""d_df7d2d661c0c11a7c367c9ee4bf896c1"":[39165,45659,130222,188964,216127],""d_72f37e5c5d192951ddc5513c2b134482"":[10622,114302,135869],""d_e97e8e7fc55b85a38babf66b0fa46b73"":[34984],""d_af2042c77ffaf0db5d75561ce9ef5688"":[45264],""d_31af23fdb79119ed185c256f03cb5773"":[34323]}}",,"[{""ObjectId"":939422,""EntityId"":10299,""Block"":""882"",""PostalCode"":""521882""}]","{""Latitude"":1.3519597839,""Longitude"":103.9334620408}"
TAMPINES,899A,TAMPINES ST 81,25,Unmatched,NormalizedAddress,Missing,BlockApproximation,STBeforeNumeric,[12818],"{""521899"":{""d_8575e84912df3c28995b8e6e0e05205a"":[146955,168910],""d_c0650f23e94c42e7a20921f4c5b75c24"":[115458,126992],""d_acbc938ec77af18f94cecc4a7c9ec720"":[68949],""d_4526d47d6714d3b052eed4a30b8b1ed6"":[62854],""d_b58303c68e9cf0d2ae93b73ffdbfbfa1"":[5705,35165,74835],""d_fa2ed456cf2b8597bb7e064b08fc3c7c"":[85532],""d_85518d970b8178975850457f60f1e738"":[13507],""d_478f45a9c541cbe679ca55d1cd2b970b"":[18376,22069,63100],""d_5573b0db0575db32190a2ad27919a7aa"":[63538],""d_a2141adf93ec2a3c2ec2837b78d6d46e"":[25163,78406,79355,83484],""d_9af9317c646a1c881bb5591c91817cc6"":[120549],""d_67e99e6eabc4aad9b5d48663b579746a"":[48172,58497],""d_181005ca270b45408b4cdfc954980ca2"":[83017],""d_4130f1d9d365d9f1633536e959f62bb7"":[8860,12355],""d_2b8c54b2a490d2fa36b925289e5d9572"":[59986,63673],""d_df7d2d661c0c11a7c367c9ee4bf896c1"":[168278,183836,224489],""d_72f37e5c5d192951ddc5513c2b134482"":[120527,133658],""d_af2042c77ffaf0db5d75561ce9ef5688"":[43203,49304],""d_31af23fdb79119ed185c256f03cb5773"":[29814],""d_4e3db8955fdcda6f9944097bef3d2724"":[6177]}}",,"[{""ObjectId"":941839,""EntityId"":7829,""Block"":""899A"",""PostalCode"":""521899""}]","{""Latitude"":1.3462386505,""Longitude"":103.9352365188}"
TOA PAYOH,115A,ALKAFF CRES,17,Unmatched,NormalizedAddress,Missing,BlockApproximation,CRESTerminal,[725],"{""341115"":{""d_8575e84912df3c28995b8e6e0e05205a"":[42041,72506,88969,170443],""d_4526d47d6714d3b052eed4a30b8b1ed6"":[25749],""d_fa2ed456cf2b8597bb7e064b08fc3c7c"":[30354,88155],""d_85518d970b8178975850457f60f1e738"":[30523],""d_5573b0db0575db32190a2ad27919a7aa"":[63487],""d_a2141adf93ec2a3c2ec2837b78d6d46e"":[86712],""d_9af9317c646a1c881bb5591c91817cc6"":[33099,123522],""d_67e99e6eabc4aad9b5d48663b579746a"":[58094],""d_181005ca270b45408b4cdfc954980ca2"":[6793],""d_e97e8e7fc55b85a38babf66b0fa46b73"":[37025],""d_af2042c77ffaf0db5d75561ce9ef5688"":[55280]}}",,"[{""ObjectId"":944817,""EntityId"":11051275,""Block"":""115A"",""PostalCode"":""341115""}]","{""Latitude"":1.3365215447,""Longitude"":103.8727609396}"
WOODLANDS,213,MARSILING CRES,12,Unmatched,NormalizedAddress,Missing,BlockApproximation,CRESTerminal,[3196],"{""730213"":{""d_8575e84912df3c28995b8e6e0e05205a"":[67999,90877,144058,152887,163147,170106],""d_3a3807c023c61ddfba947dc069eb53f2"":[81004],""d_c0650f23e94c42e7a20921f4c5b75c24"":[30931],""d_fa2ed456cf2b8597bb7e064b08fc3c7c"":[88682],""d_478f45a9c541cbe679ca55d1cd2b970b"":[56141],""d_5573b0db0575db32190a2ad27919a7aa"":[19660,59112,63090,69476],""d_9af9317c646a1c881bb5591c91817cc6"":[112667,115587,120918],""d_67e99e6eabc4aad9b5d48663b579746a"":[7491,46020,59455],""d_300ddc8da4e8f7bdc1bfc62d0d99e2e7"":[15417],""d_df7d2d661c0c11a7c367c9ee4bf896c1"":[105590,129818,184456,201501],""d_e97e8e7fc55b85a38babf66b0fa46b73"":[12274,29324]}}",,"[{""ObjectId"":938722,""EntityId"":12494,""Block"":""213"",""PostalCode"":""730213""}]","{""Latitude"":1.4464717604,""Longitude"":103.7722024813}"
WOODLANDS,607,WOODLANDS RING RD,31,Unmatched,NormalizedAddress,Missing,BlockApproximation,RDTerminal,[9785],"{""730607"":{""d_8575e84912df3c28995b8e6e0e05205a"":[133507,135585,151067,152897],""d_3a3807c023c61ddfba947dc069eb53f2"":[87441],""d_c0650f23e94c42e7a20921f4c5b75c24"":[54012,111531,131615,132199,133903],""d_acbc938ec77af18f94cecc4a7c9ec720"":[20249,63705],""d_124a9bd407c7a25f8335b93b86e50fdd"":[68679,70578],""d_4526d47d6714d3b052eed4a30b8b1ed6"":[16042,52728],""d_b58303c68e9cf0d2ae93b73ffdbfbfa1"":[27242,74335],""d_fa2ed456cf2b8597bb7e064b08fc3c7c"":[21073,75979],""d_478f45a9c541cbe679ca55d1cd2b970b"":[55220],""d_a2141adf93ec2a3c2ec2837b78d6d46e"":[16942,85988,86125,90764],""d_9af9317c646a1c881bb5591c91817cc6"":[108221,113701,120351],""d_4130f1d9d365d9f1633536e959f62bb7"":[5057],""d_2b8c54b2a490d2fa36b925289e5d9572"":[64997],""d_df7d2d661c0c11a7c367c9ee4bf896c1"":[73624,210408,214368,228227],""d_72f37e5c5d192951ddc5513c2b134482"":[105726,131522],""d_af2042c77ffaf0db5d75561ce9ef5688"":[52677]}}",,"[{""ObjectId"":944654,""EntityId"":8930,""Block"":""607"",""PostalCode"":""730607""}]","{""Latitude"":1.4365627277,""Longitude"":103.7963654919}"
WOODLANDS,688F,WOODLANDS DR 75,38,Unmatched,NormalizedAddress,Missing,BlockApproximation,DRBeforeNumeric,[11131],"{""736688"":{""d_8575e84912df3c28995b8e6e0e05205a"":[127617,160218,170334],""d_3a3807c023c61ddfba947dc069eb53f2"":[77311,78517,87671],""d_c0650f23e94c42e7a20921f4c5b75c24"":[67593,135580],""d_acbc938ec77af18f94cecc4a7c9ec720"":[59304,61467,63266,67198],""d_124a9bd407c7a25f8335b93b86e50fdd"":[76528,79212],""d_4526d47d6714d3b052eed4a30b8b1ed6"":[56296,67618],""d_b58303c68e9cf0d2ae93b73ffdbfbfa1"":[82234],""d_fa2ed456cf2b8597bb7e064b08fc3c7c"":[80961],""d_85518d970b8178975850457f60f1e738"":[32319,57542],""d_478f45a9c541cbe679ca55d1cd2b970b"":[62734],""d_5573b0db0575db32190a2ad27919a7aa"":[63287,69410],""d_a2141adf93ec2a3c2ec2837b78d6d46e"":[70036,83255,92182],""d_9af9317c646a1c881bb5591c91817cc6"":[44769,105795],""d_181005ca270b45408b4cdfc954980ca2"":[79876,91935],""d_2b8c54b2a490d2fa36b925289e5d9572"":[62848,62968],""d_df7d2d661c0c11a7c367c9ee4bf896c1"":[203114,206839,216889,220880,230644],""d_72f37e5c5d192951ddc5513c2b134482"":[16259,124967,127957,141918],""d_e97e8e7fc55b85a38babf66b0fa46b73"":[32827],""d_af2042c77ffaf0db5d75561ce9ef5688"":[23845,32689,48083]}}",,"[{""ObjectId"":938569,""EntityId"":1880,""Block"":""688F"",""PostalCode"":""736688""}]","{""Latitude"":1.4441866934,""Longitude"":103.8080976268}"
WOODLANDS,831,WOODLANDS ST 83,24,Unmatched,NormalizedAddress,Missing,BlockApproximation,STBeforeNumeric,[12372],"{""730831"":{""d_8575e84912df3c28995b8e6e0e05205a"":[156287],""d_c0650f23e94c42e7a20921f4c5b75c24"":[136797],""d_acbc938ec77af18f94cecc4a7c9ec720"":[59017],""d_4526d47d6714d3b052eed4a30b8b1ed6"":[52473,53623,56359],""d_5573b0db0575db32190a2ad27919a7aa"":[1834,68434],""d_a2141adf93ec2a3c2ec2837b78d6d46e"":[75894,78653,89975],""d_9af9317c646a1c881bb5591c91817cc6"":[29195,44980,113346],""d_181005ca270b45408b4cdfc954980ca2"":[75502],""d_2b8c54b2a490d2fa36b925289e5d9572"":[54097,55872],""d_df7d2d661c0c11a7c367c9ee4bf896c1"":[96085,101286,213238],""d_72f37e5c5d192951ddc5513c2b134482"":[111417],""d_e97e8e7fc55b85a38babf66b0fa46b73"":[21915],""d_af2042c77ffaf0db5d75561ce9ef5688"":[55521],""d_4e3db8955fdcda6f9944097bef3d2724"":[15342]}}",,"[{""ObjectId"":937676,""EntityId"":3213,""Block"":""831"",""PostalCode"":""730831""}]","{""Latitude"":1.4395284014,""Longitude"":103.7913854203}"
WOODLANDS,841,WOODLANDS ST 82,10,Unmatched,NormalizedAddress,Missing,BlockApproximation,STBeforeNumeric,[12435],"{""730841"":{""d_8575e84912df3c28995b8e6e0e05205a"":[70895,142693],""d_3a3807c023c61ddfba947dc069eb53f2"":[71431],""d_acbc938ec77af18f94cecc4a7c9ec720"":[57894],""d_124a9bd407c7a25f8335b93b86e50fdd"":[70077],""d_fa2ed456cf2b8597bb7e064b08fc3c7c"":[21400],""d_85518d970b8178975850457f60f1e738"":[52346,55881],""d_67e99e6eabc4aad9b5d48663b579746a"":[40733],""d_4130f1d9d365d9f1633536e959f62bb7"":[2456],""d_2b8c54b2a490d2fa36b925289e5d9572"":[62791,68684],""d_df7d2d661c0c11a7c367c9ee4bf896c1"":[63761,219805,219855,226900,233327],""d_72f37e5c5d192951ddc5513c2b134482"":[30744,117197],""d_af2042c77ffaf0db5d75561ce9ef5688"":[34234],""d_1cd970d8351b42be4a308d628a6dd9d3"":[10243],""d_31af23fdb79119ed185c256f03cb5773"":[36179]}}",,"[{""ObjectId"":946671,""EntityId"":2549,""Block"":""841"",""PostalCode"":""730841""}]","{""Latitude"":1.4434945702,""Longitude"":103.7917179026}"
WOODLANDS,869,WOODLANDS ST 83,19,Unmatched,NormalizedAddress,Missing,BlockApproximation,STBeforeNumeric,[12627],"{""730869"":{""d_8575e84912df3c28995b8e6e0e05205a"":[171586],""d_3a3807c023c61ddfba947dc069eb53f2"":[89570],""d_acbc938ec77af18f94cecc4a7c9ec720"":[4734],""d_124a9bd407c7a25f8335b93b86e50fdd"":[74746,83359],""d_4526d47d6714d3b052eed4a30b8b1ed6"":[64671],""d_b58303c68e9cf0d2ae93b73ffdbfbfa1"":[42739],""d_fa2ed456cf2b8597bb7e064b08fc3c7c"":[27385],""d_85518d970b8178975850457f60f1e738"":[55079],""d_478f45a9c541cbe679ca55d1cd2b970b"":[49147],""d_5573b0db0575db32190a2ad27919a7aa"":[16591],""d_a2141adf93ec2a3c2ec2837b78d6d46e"":[85172],""d_9af9317c646a1c881bb5591c91817cc6"":[95590,95716],""d_5c4ef48b025fdfbc80056401f06e3df9"":[35234],""d_300ddc8da4e8f7bdc1bfc62d0d99e2e7"":[17067],""d_181005ca270b45408b4cdfc954980ca2"":[35213],""d_2b8c54b2a490d2fa36b925289e5d9572"":[32057],""d_df7d2d661c0c11a7c367c9ee4bf896c1"":[155701,176680,185637,226175],""d_72f37e5c5d192951ddc5513c2b134482"":[135066],""d_4e3db8955fdcda6f9944097bef3d2724"":[10805]}}",,"[{""ObjectId"":946701,""EntityId"":5156,""Block"":""869"",""PostalCode"":""730869""}]","{""Latitude"":1.442714972,""Longitude"":103.7940843508}"
YISHUN,113,YISHUN RING RD,29,Unmatched,NormalizedAddress,Missing,BlockApproximation,RDTerminal,[646],"{""760113"":{""d_8575e84912df3c28995b8e6e0e05205a"":[67169,144882],""d_acbc938ec77af18f94cecc4a7c9ec720"":[64972],""d_124a9bd407c7a25f8335b93b86e50fdd"":[61775,63697,71091],""d_b58303c68e9cf0d2ae93b73ffdbfbfa1"":[71520],""d_fa2ed456cf2b8597bb7e064b08fc3c7c"":[82123,86565],""d_85518d970b8178975850457f60f1e738"":[57875],""d_67e99e6eabc4aad9b5d48663b579746a"":[50044],""d_4130f1d9d365d9f1633536e959f62bb7"":[10013,11325],""d_df7d2d661c0c11a7c367c9ee4bf896c1"":[84721,216353,224545],""d_72f37e5c5d192951ddc5513c2b134482"":[122756,135463],""d_af2042c77ffaf0db5d75561ce9ef5688"":[47195],""d_1cd970d8351b42be4a308d628a6dd9d3"":[9796]}}",,"[{""ObjectId"":942889,""EntityId"":1372,""Block"":""113"",""PostalCode"":""760113""}]","{""Latitude"":1.4347861975,""Longitude"":103.8287475327}"
YISHUN,270,YISHUN ST 22,23,Unmatched,NormalizedAddress,Missing,BlockApproximation,STBeforeNumeric,[4433],"{""760270"":{""d_c0650f23e94c42e7a20921f4c5b75c24"":[62116,118046,129250],""d_124a9bd407c7a25f8335b93b86e50fdd"":[85773,86239],""d_4526d47d6714d3b052eed4a30b8b1ed6"":[59071],""d_b58303c68e9cf0d2ae93b73ffdbfbfa1"":[84113],""d_fa2ed456cf2b8597bb7e064b08fc3c7c"":[26756,87951],""d_85518d970b8178975850457f60f1e738"":[18219,53400],""d_478f45a9c541cbe679ca55d1cd2b970b"":[26288,45700],""d_5573b0db0575db32190a2ad27919a7aa"":[74310],""d_a2141adf93ec2a3c2ec2837b78d6d46e"":[39096],""d_9af9317c646a1c881bb5591c91817cc6"":[98883,99457],""d_67e99e6eabc4aad9b5d48663b579746a"":[53209],""d_5c4ef48b025fdfbc80056401f06e3df9"":[12564,38262],""d_181005ca270b45408b4cdfc954980ca2"":[92306,93075],""d_2b8c54b2a490d2fa36b925289e5d9572"":[67416],""d_df7d2d661c0c11a7c367c9ee4bf896c1"":[61803,202696,202923,203649],""d_72f37e5c5d192951ddc5513c2b134482"":[67205],""d_af2042c77ffaf0db5d75561ce9ef5688"":[13776],""d_1cd970d8351b42be4a308d628a6dd9d3"":[12752]}}",,"[{""ObjectId"":947934,""EntityId"":1162,""Block"":""270"",""PostalCode"":""760270""}]","{""Latitude"":1.437408524,""Longitude"":103.8399889143}"
YISHUN,479B,YISHUN ST 42,16,Unmatched,NormalizedAddress,Missing,BlockApproximation,STBeforeNumeric,[8143],"{""762479"":{""d_8575e84912df3c28995b8e6e0e05205a"":[163064],""d_5573b0db0575db32190a2ad27919a7aa"":[69585],""d_a2141adf93ec2a3c2ec2837b78d6d46e"":[85509],""d_9af9317c646a1c881bb5591c91817cc6"":[116740],""d_181005ca270b45408b4cdfc954980ca2"":[44068,94529],""d_2b8c54b2a490d2fa36b925289e5d9572"":[67875],""d_df7d2d661c0c11a7c367c9ee4bf896c1"":[224654,226418,229995],""d_72f37e5c5d192951ddc5513c2b134482"":[61295],""d_4e3db8955fdcda6f9944097bef3d2724"":[7760,17767]}}",,"[{""ObjectId"":940021,""EntityId"":11054643,""Block"":""479B"",""PostalCode"":""762479""}]","{""Latitude"":1.4297666983,""Longitude"":103.8499706473}"
YISHUN,837,YISHUN ST 81,4,Unmatched,NormalizedAddress,Missing,BlockApproximation,STBeforeNumeric,[12404],"{""760837"":{""d_8575e84912df3c28995b8e6e0e05205a"":[113072,167671],""d_3a3807c023c61ddfba947dc069eb53f2"":[91346],""d_85518d970b8178975850457f60f1e738"":[50205],""d_478f45a9c541cbe679ca55d1cd2b970b"":[53672],""d_5573b0db0575db32190a2ad27919a7aa"":[66360,70855],""d_67e99e6eabc4aad9b5d48663b579746a"":[23968],""d_df7d2d661c0c11a7c367c9ee4bf896c1"":[227989],""d_af2042c77ffaf0db5d75561ce9ef5688"":[14588]}}",,"[{""ObjectId"":941736,""EntityId"":11781,""Block"":""837"",""PostalCode"":""760837""}]","{""Latitude"":1.4160465778,""Longitude"":103.8330784839}"
