alias,hdb_street,canonical_street,source_street_variants,addresses,transactions,unique_chains,postal_conflicts,invalid_postals
ST,ANCHORVALE ST,ANCHORVALE STREET,ANCHORVALE STREET,7,306,7,0,0
ST,ANG MO KIO ST 11,ANG MO KIO STREET 11,ANG MO KIO STREET 11,2,35,2,0,0
ST,ANG MO KIO ST 21,ANG MO KIO STREET 21,ANG MO KIO STREET 21,4,129,4,0,0
ST,ANG MO KIO ST 23,ANG MO KIO STREET 23,ANG MO KIO STREET 23,3,74,3,0,0
ST,ANG MO KIO ST 31,ANG MO KIO STREET 31,ANG MO KIO STREET 31,5,163,5,0,0
ST,ANG MO KIO ST 32,ANG MO KIO STREET 32,ANG MO KIO STREET 32,5,168,5,0,0
ST,ANG MO KIO ST 44,ANG MO KIO STREET 44,ANG MO KIO STREET 44,3,178,3,0,0
ST,ANG MO KIO ST 51,ANG MO KIO STREET 51,ANG MO KIO STREET 51,3,155,3,0,0
ST,ANG MO KIO ST 52,ANG MO KIO STREET 52,ANG MO KIO STREET 52,8,473,8,0,0
ST,ANG MO KIO ST 61,ANG MO KIO STREET 61,ANG MO KIO STREET 61,1,45,1,0,0
ST,BAIN ST,BAIN STREET,BAIN STREET,2,43,2,0,0
ST,BISHAN ST 11,BISHAN STREET 11,BISHAN STREET 11,13,160,10,3,0
ST,BISHAN ST 12,BISHAN STREET 12,BISHAN STREET 12,44,813,44,0,0
ST,BISHAN ST 13,BISHAN STREET 13,BISHAN STREET 13,45,834,45,0,0
ST,BISHAN ST 22,BISHAN STREET 22,BISHAN STREET 22,35,579,34,1,0
ST,BISHAN ST 23,BISHAN STREET 23,BISHAN STREET 23,31,424,31,0,0
ST,BISHAN ST 24,BISHAN STREET 24,BISHAN STREET 24,20,578,20,0,0
ST,CANBERRA ST,CANBERRA STREET,CANBERRA STREET,27,1126,27,0,0
ST,CHAI CHEE ST,CHAI CHEE STREET,CHAI CHEE STREET,10,370,9,1,0
ST,CHOA CHU KANG ST 51,CHOA CHU KANG STREET 51,CHOA CHU KANG STREET 51,28,373,28,0,0
ST,CHOA CHU KANG ST 52,CHOA CHU KANG STREET 52,CHOA CHU KANG STREET 52,26,407,26,0,0
ST,CHOA CHU KANG ST 53,CHOA CHU KANG STREET 53,CHOA CHU KANG STREET 53,8,139,8,0,0
ST,CHOA CHU KANG ST 54,CHOA CHU KANG STREET 54,CHOA CHU KANG STREET 54,5,97,5,0,0
ST,CHOA CHU KANG ST 62,CHOA CHU KANG STREET 62,CHOA CHU KANG STREET 62,21,332,21,0,0
ST,CHOA CHU KANG ST 64,CHOA CHU KANG STREET 64,CHOA CHU KANG STREET 64,6,123,6,0,0
ST,CLEMENTI ST 11,CLEMENTI STREET 11,CLEMENTI STREET 11,1,16,1,0,0
ST,CLEMENTI ST 12,CLEMENTI STREET 12,CLEMENTI STREET 12,1,11,1,0,0
ST,CLEMENTI ST 13,CLEMENTI STREET 13,CLEMENTI STREET 13,9,163,9,0,0
ST,CLEMENTI ST 14,CLEMENTI STREET 14,CLEMENTI STREET 14,4,35,4,0,0
ST,CLEMENTI WEST ST 1,CLEMENTI WEST STREET 1,CLEMENTI WEST STREET 1,13,378,13,0,0
ST,CLEMENTI WEST ST 2,CLEMENTI WEST STREET 2,CLEMENTI WEST STREET 2,20,563,19,1,0
ST,COMPASSVALE ST,COMPASSVALE STREET,COMPASSVALE STREET,26,758,26,0,0
ST,FERNVALE ST,FERNVALE STREET,FERNVALE STREET,7,330,7,0,0
ST,HOUGANG ST 11,HOUGANG STREET 11,HOUGANG STREET 11,8,163,8,0,0
ST,HOUGANG ST 21,HOUGANG STREET 21,HOUGANG STREET 21,10,152,9,1,0
ST,HOUGANG ST 22,HOUGANG STREET 22,HOUGANG STREET 22,8,167,8,0,0
ST,HOUGANG ST 31,HOUGANG STREET 31,HOUGANG STREET 31,6,113,6,0,0
ST,HOUGANG ST 32,HOUGANG STREET 32,HOUGANG STREET 32,5,72,5,0,0
ST,HOUGANG ST 51,HOUGANG STREET 51,HOUGANG STREET 51,30,537,30,0,0
ST,HOUGANG ST 52,HOUGANG STREET 52,HOUGANG STREET 52,12,197,11,1,0
ST,HOUGANG ST 61,HOUGANG STREET 61,HOUGANG STREET 61,16,270,16,0,0
ST,HOUGANG ST 91,HOUGANG STREET 91,HOUGANG STREET 91,30,613,30,0,0
ST,HOUGANG ST 92,HOUGANG STREET 92,HOUGANG STREET 92,11,184,11,0,0
ST,JURONG EAST ST 13,JURONG EAST STREET 13,JURONG EAST STREET 13,16,296,15,1,0
ST,JURONG EAST ST 21,JURONG EAST STREET 21,JURONG EAST STREET 21,55,1028,54,1,0
ST,JURONG EAST ST 24,JURONG EAST STREET 24,JURONG EAST STREET 24,22,577,17,5,0
ST,JURONG EAST ST 31,JURONG EAST STREET 31,JURONG EAST STREET 31,15,216,13,2,0
ST,JURONG EAST ST 32,JURONG EAST STREET 32,JURONG EAST STREET 32,18,562,18,0,0
ST,JURONG WEST ST 24,JURONG WEST STREET 24,JURONG WEST STREET 24,8,182,8,0,0
ST,JURONG WEST ST 25,JURONG WEST STREET 25,JURONG WEST STREET 25,9,278,9,0,0
ST,JURONG WEST ST 41,JURONG WEST STREET 41,JURONG WEST STREET 41,32,662,30,2,0
ST,JURONG WEST ST 42,JURONG WEST STREET 42,JURONG WEST STREET 42,57,1148,54,3,0
ST,JURONG WEST ST 51,JURONG WEST STREET 51,JURONG WEST STREET 51,2,19,2,0,0
ST,JURONG WEST ST 52,JURONG WEST STREET 52,JURONG WEST STREET 52,33,798,32,1,0
ST,JURONG WEST ST 61,JURONG WEST STREET 61,JURONG WEST STREET 61,40,1060,40,0,0
ST,JURONG WEST ST 62,JURONG WEST STREET 62,JURONG WEST STREET 62,6,108,6,0,0
ST,JURONG WEST ST 64,JURONG WEST STREET 64,JURONG WEST STREET 64,43,1065,42,1,0
ST,JURONG WEST ST 65,JURONG WEST STREET 65,JURONG WEST STREET 65,53,1330,53,0,0
ST,JURONG WEST ST 71,JURONG WEST STREET 71,JURONG WEST STREET 71,18,271,18,0,0
ST,JURONG WEST ST 72,JURONG WEST STREET 72,JURONG WEST STREET 72,3,38,3,0,0
ST,JURONG WEST ST 73,JURONG WEST STREET 73,JURONG WEST STREET 73,13,222,13,0,0
ST,JURONG WEST ST 74,JURONG WEST STREET 74,JURONG WEST STREET 74,13,165,13,0,0
ST,JURONG WEST ST 75,JURONG WEST STREET 75,JURONG WEST STREET 75,4,60,4,0,0
ST,JURONG WEST ST 81,JURONG WEST STREET 81,JURONG WEST STREET 81,59,884,58,1,0
ST,JURONG WEST ST 91,JURONG WEST STREET 91,JURONG WEST STREET 91,38,725,37,1,0
ST,JURONG WEST ST 92,JURONG WEST STREET 92,JURONG WEST STREET 92,13,237,13,0,0
ST,JURONG WEST ST 93,JURONG WEST STREET 93,JURONG WEST STREET 93,26,521,26,0,0
ST,KIM CHENG ST,KIM CHENG STREET,KIM CHENG STREET,4,32,4,0,0
ST,LIM LIAK ST,LIM LIAK STREET,LIM LIAK STREET,9,49,9,0,0
ST,MEI LING ST,MEI LING STREET,MEI LING STREET,15,367,15,0,0
ST,PASIR RIS ST 11,PASIR RIS STREET 11,PASIR RIS STREET 11,46,752,46,0,0
ST,PASIR RIS ST 12,PASIR RIS STREET 12,PASIR RIS STREET 12,20,352,20,0,0
ST,PASIR RIS ST 13,PASIR RIS STREET 13,PASIR RIS STREET 13,15,133,15,0,0
ST,PASIR RIS ST 21,PASIR RIS STREET 21,PASIR RIS STREET 21,61,786,61,0,0
ST,PASIR RIS ST 41,PASIR RIS STREET 41,PASIR RIS STREET 41,4,52,4,0,0
ST,PASIR RIS ST 51,PASIR RIS STREET 51,PASIR RIS STREET 51,49,1122,49,0,0
ST,PASIR RIS ST 52,PASIR RIS STREET 52,PASIR RIS STREET 52,22,322,22,0,0
ST,PASIR RIS ST 53,PASIR RIS STREET 53,PASIR RIS STREET 53,17,207,17,0,0
ST,PASIR RIS ST 71,PASIR RIS STREET 71,PASIR RIS STREET 71,43,824,41,2,0
ST,PASIR RIS ST 72,PASIR RIS STREET 72,PASIR RIS STREET 72,16,201,16,0,0
ST,QUEEN ST,QUEEN STREET,QUEEN STREET,4,65,1,3,0
ST,RIVERVALE ST,RIVERVALE STREET,RIVERVALE STREET,17,353,17,0,0
ST,SIMEI ST 1,SIMEI STREET 1,SIMEI STREET 1,43,886,42,1,0
ST,SIMEI ST 2,SIMEI STREET 2,SIMEI STREET 2,6,100,6,0,0
ST,SIMEI ST 4,SIMEI STREET 4,SIMEI STREET 4,15,225,15,0,0
ST,SIMEI ST 5,SIMEI STREET 5,SIMEI STREET 5,6,77,6,0,0
ST,SMITH ST,SMITH STREET,SMITH STREET,2,35,1,1,0
ST,TAMPINES ST 11,TAMPINES STREET 11,TAMPINES STREET 11,20,495,18,2,0
ST,TAMPINES ST 12,TAMPINES STREET 12,TAMPINES STREET 12,20,485,20,0,0
ST,TAMPINES ST 21,TAMPINES STREET 21,TAMPINES STREET 21,55,1280,52,3,0
ST,TAMPINES ST 22,TAMPINES STREET 22,TAMPINES STREET 22,28,827,28,0,0
ST,TAMPINES ST 23,TAMPINES STREET 23,TAMPINES STREET 23,15,337,14,1,0
ST,TAMPINES ST 24,TAMPINES STREET 24,TAMPINES STREET 24,12,198,12,0,0
ST,TAMPINES ST 32,TAMPINES STREET 32,TAMPINES STREET 32,33,401,33,0,0
ST,TAMPINES ST 33,TAMPINES STREET 33,TAMPINES STREET 33,33,569,33,0,0
ST,TAMPINES ST 34,TAMPINES STREET 34,TAMPINES STREET 34,17,340,17,0,0
ST,TAMPINES ST 41,TAMPINES STREET 41,TAMPINES STREET 41,32,772,31,1,0
ST,TAMPINES ST 42,TAMPINES STREET 42,TAMPINES STREET 42,23,388,23,0,0
ST,TAMPINES ST 43,TAMPINES STREET 43,TAMPINES STREET 43,28,400,24,4,0
ST,TAMPINES ST 44,TAMPINES STREET 44,TAMPINES STREET 44,13,178,12,1,0
ST,TAMPINES ST 45,TAMPINES STREET 45,TAMPINES STREET 45,38,722,36,2,0
ST,TAMPINES ST 61,TAMPINES STREET 61,TAMPINES STREET 61,19,401,19,0,0
ST,TAMPINES ST 71,TAMPINES STREET 71,TAMPINES STREET 71,28,715,28,0,0
ST,TAMPINES ST 72,TAMPINES STREET 72,TAMPINES STREET 72,14,299,14,0,0
ST,TAMPINES ST 81,TAMPINES STREET 81,TAMPINES STREET 81,32,598,28,4,0
ST,TAMPINES ST 82,TAMPINES STREET 82,TAMPINES STREET 82,26,458,25,1,0
ST,TAMPINES ST 83,TAMPINES STREET 83,TAMPINES STREET 83,34,654,34,0,0
ST,TAMPINES ST 84,TAMPINES STREET 84,TAMPINES STREET 84,12,254,12,0,0
ST,TAMPINES ST 85,TAMPINES STREET 85,TAMPINES STREET 85,3,48,3,0,0
ST,TAMPINES ST 86,TAMPINES STREET 86,TAMPINES STREET 86,4,200,4,0,0
ST,TAMPINES ST 91,TAMPINES STREET 91,TAMPINES STREET 91,21,400,21,0,0
ST,TELOK BLANGAH ST 31,TELOK BLANGAH STREET 31,TELOK BLANGAH STREET 31,10,560,10,0,0
ST,WATERLOO ST,WATERLOO STREET,WATERLOO STREET,3,56,3,0,0
ST,WOODLANDS ST 11,WOODLANDS STREET 11,WOODLANDS STREET 11,5,82,5,0,0
ST,WOODLANDS ST 13,WOODLANDS STREET 13,WOODLANDS STREET 13,49,1107,46,3,0
ST,WOODLANDS ST 31,WOODLANDS STREET 31,WOODLANDS STREET 31,16,289,14,2,0
ST,WOODLANDS ST 32,WOODLANDS STREET 32,WOODLANDS STREET 32,16,255,14,2,0
ST,WOODLANDS ST 41,WOODLANDS STREET 41,WOODLANDS STREET 41,28,569,28,0,0
ST,WOODLANDS ST 81,WOODLANDS STREET 81,WOODLANDS STREET 81,18,302,18,0,0
ST,WOODLANDS ST 82,WOODLANDS STREET 82,WOODLANDS STREET 82,26,473,26,0,0
ST,WOODLANDS ST 83,WOODLANDS STREET 83,WOODLANDS STREET 83,26,427,24,2,0
ST,YISHUN ST 11,YISHUN STREET 11,YISHUN STREET 11,33,800,32,1,0
ST,YISHUN ST 20,YISHUN STREET 20,YISHUN STREET 20,4,93,4,0,0
ST,YISHUN ST 21,YISHUN STREET 21,YISHUN STREET 21,35,757,35,0,0
ST,YISHUN ST 22,YISHUN STREET 22,YISHUN STREET 22,27,579,24,3,0
ST,YISHUN ST 31,YISHUN STREET 31,YISHUN STREET 31,14,532,14,0,0
ST,YISHUN ST 41,YISHUN STREET 41,YISHUN STREET 41,5,279,5,0,0
ST,YISHUN ST 42,YISHUN STREET 42,YISHUN STREET 42,3,48,3,0,0
ST,YISHUN ST 43,YISHUN STREET 43,YISHUN STREET 43,3,123,3,0,0
ST,YISHUN ST 44,YISHUN STREET 44,YISHUN STREET 44,3,55,3,0,0
ST,YISHUN ST 51,YISHUN STREET 51,YISHUN STREET 51,24,906,24,0,0
ST,YISHUN ST 61,YISHUN STREET 61,YISHUN STREET 61,40,757,40,0,0
ST,YISHUN ST 71,YISHUN STREET 71,YISHUN STREET 71,18,457,17,1,0
ST,YISHUN ST 72,YISHUN STREET 72,YISHUN STREET 72,27,533,26,1,0
ST,YISHUN ST 81,YISHUN STREET 81,YISHUN STREET 81,44,742,43,1,0
RD,AH HOOD RD,AH HOOD ROAD,AH HOOD ROAD,2,41,2,0,0
RD,ALJUNIED RD,ALJUNIED ROAD,ALJUNIED ROAD,2,34,2,0,0
RD,ANCHORVALE RD,ANCHORVALE ROAD,ANCHORVALE ROAD,35,952,35,0,0
RD,BALAM RD,BALAM ROAD,BALAM ROAD,13,320,13,0,0
RD,BANGKIT RD,BANGKIT ROAD,BANGKIT ROAD,17,305,17,0,0
RD,BEACH RD,BEACH ROAD,BEACH ROAD,6,122,2,1,3
RD,BEDOK RESERVOIR RD,BEDOK RESERVOIR ROAD,BEDOK RESERVOIR ROAD,120,2492,118,2,0
RD,BENDEMEER RD,BENDEMEER ROAD,BENDEMEER ROAD,19,724,15,1,3
RD,BOON KENG RD,BOON KENG ROAD,BOON KENG ROAD,7,404,6,1,0
RD,BOON TIONG RD,BOON TIONG ROAD,BOON TIONG ROAD,12,421,12,0,0
RD,BUFFALO RD,BUFFALO ROAD,BUFFALO ROAD,4,62,4,0,0
RD,CAMBRIDGE RD,CAMBRIDGE ROAD,CAMBRIDGE ROAD,7,103,7,0,0
RD,CANBERRA RD,CANBERRA ROAD,CANBERRA ROAD,31,604,31,0,0
RD,CANTONMENT RD,CANTONMENT ROAD,CANTONMENT ROAD,7,590,7,0,0
RD,CASHEW RD,CASHEW ROAD,CASHEW ROAD,6,125,6,0,0
RD,CHAI CHEE RD,CHAI CHEE ROAD,CHAI CHEE ROAD,24,695,21,3,0
RD,CHANDER RD,CHANDER ROAD,CHANDER ROAD,1,15,0,1,0
RD,CHANGI VILLAGE RD,CHANGI VILLAGE ROAD,CHANGI VILLAGE ROAD,3,51,0,3,0
RD,CHIN SWEE RD,CHIN SWEE ROAD,CHIN SWEE ROAD,1,20,1,0,0
RD,CIRCUIT RD,CIRCUIT ROAD,CIRCUIT ROAD,47,1461,45,2,0
RD,COMPASSVALE RD,COMPASSVALE ROAD,COMPASSVALE ROAD,24,520,24,0,0
RD,DAWSON RD,DAWSON ROAD,DAWSON ROAD,13,898,13,0,0
RD,DEPOT RD,DEPOT ROAD,DEPOT ROAD,16,379,16,0,0
RD,DORSET RD,DORSET ROAD,DORSET ROAD,4,96,4,0,0
RD,DOVER RD,DOVER ROAD,DOVER ROAD,3,72,0,0,3
RD,ELIAS RD,ELIAS ROAD,ELIAS ROAD,15,206,15,0,0
RD,EMPRESS RD,EMPRESS ROAD,EMPRESS ROAD,1,41,1,0,0
RD,EUNOS RD 5,EUNOS ROAD 5,EUNOS ROAD 5,8,101,8,0,0
RD,FAJAR RD,FAJAR ROAD,FAJAR ROAD,36,752,36,0,0
RD,FARRER RD,FARRER ROAD,FARRER ROAD,2,38,2,0,0
RD,FERNVALE RD,FERNVALE ROAD,FERNVALE ROAD,37,1839,37,0,0
RD,FRENCH RD,FRENCH ROAD,FRENCH ROAD,2,26,0,2,0
RD,GANGSA RD,GANGSA ROAD,GANGSA ROAD,26,493,26,0,0
RD,GHIM MOH RD,GHIM MOH ROAD,GHIM MOH ROAD,14,463,12,2,0
RD,GLOUCESTER RD,GLOUCESTER ROAD,GLOUCESTER ROAD,2,64,2,0,0
RD,HAIG RD,HAIG ROAD,HAIG ROAD,14,318,12,2,0
RD,HAVELOCK RD,HAVELOCK ROAD,HAVELOCK ROAD,11,431,8,3,0
RD,HENDERSON RD,HENDERSON ROAD,HENDERSON ROAD,5,218,5,0,0
RD,HO CHING RD,HO CHING ROAD,HO CHING ROAD,6,193,6,0,0
RD,HOY FATT RD,HOY FATT ROAD,HOY FATT ROAD,3,79,2,1,0
RD,INDUS RD,INDUS ROAD,INDUS ROAD,2,48,2,0,0
RD,JELAPANG RD,JELAPANG ROAD,JELAPANG ROAD,39,913,39,0,0
RD,JELEBU RD,JELEBU ROAD,JELEBU ROAD,5,206,5,0,0
RD,JELLICOE RD,JELLICOE ROAD,JELLICOE ROAD,3,64,3,0,0
RD,JOO CHIAT RD,JOO CHIAT ROAD,JOO CHIAT ROAD,2,45,2,0,0
RD,JOO SENG RD,JOO SENG ROAD,JOO SENG ROAD,14,278,13,1,0
RD,KANG CHING RD,KANG CHING ROAD,KANG CHING ROAD,16,356,16,0,0
RD,KELANTAN RD,KELANTAN ROAD,KELANTAN ROAD,3,76,2,1,0
RD,KENT RD,KENT ROAD,KENT ROAD,4,49,4,0,0
RD,KIM PONG RD,KIM PONG ROAD,KIM PONG ROAD,2,15,2,0,0
RD,KIM TIAN RD,KIM TIAN ROAD,KIM TIAN ROAD,17,635,16,0,1
RD,KRETA AYER RD,KRETA AYER ROAD,KRETA AYER ROAD,1,11,0,1,0
RD,LOMPANG RD,LOMPANG ROAD,LOMPANG ROAD,7,207,7,0,0
RD,LOWER DELTA RD,LOWER DELTA ROAD,LOWER DELTA ROAD,1,27,1,0,0
RD,MARSILING RD,MARSILING ROAD,MARSILING ROAD,12,198,11,1,0
RD,MCNAIR RD,MCNAIR ROAD,MCNAIR ROAD,17,533,17,0,0
RD,MOULMEIN RD,MOULMEIN ROAD,MOULMEIN ROAD,1,20,1,0,0
RD,OLD AIRPORT RD,OLD AIRPORT ROAD,OLD AIRPORT ROAD,2,62,2,0,0
RD,OWEN RD,OWEN ROAD,OWEN ROAD,2,22,0,0,2
RD,PENDING RD,PENDING ROAD,PENDING ROAD,31,475,31,0,0
RD,PETIR RD,PETIR ROAD,PETIR ROAD,36,590,36,0,0
RD,PIPIT RD,PIPIT ROAD,PIPIT ROAD,6,111,6,0,0
RD,PUNGGOL RD,PUNGGOL ROAD,PUNGGOL ROAD,13,415,13,0,0
RD,QUEEN'S RD,QUEEN'S ROAD,QUEEN'S ROAD,4,133,2,0,2
RD,RACE COURSE RD,RACE COURSE ROAD,RACE COURSE ROAD,4,79,1,3,0
RD,REDHILL RD,REDHILL ROAD,REDHILL ROAD,7,323,7,0,0
RD,ROWELL RD,ROWELL ROAD,ROWELL ROAD,4,88,3,1,0
RD,SAUJANA RD,SAUJANA ROAD,SAUJANA ROAD,8,97,8,0,0
RD,SEGAR RD,SEGAR ROAD,SEGAR ROAD,44,1850,44,0,0
RD,SELEGIE RD,SELEGIE ROAD,SELEGIE ROAD,3,99,2,1,0
RD,SENG POH RD,SENG POH ROAD,SENG POH ROAD,2,7,2,0,0
RD,SENGKANG EAST RD,SENGKANG EAST ROAD,SENGKANG EAST ROAD,5,139,5,0,0
RD,SENGKANG WEST RD,SENGKANG WEST ROAD,SENGKANG WEST ROAD,7,173,7,0,0
RD,SENJA RD,SENJA ROAD,SENJA ROAD,37,1684,37,0,0
RD,SHUNFU RD,SHUNFU ROAD,SHUNFU ROAD,13,259,13,0,0
RD,SIMEI RD,SIMEI ROAD,SIMEI ROAD,11,168,11,0,0
RD,SIN MING RD,SIN MING ROAD,SIN MING ROAD,4,140,4,0,0
RD,ST. GEORGE'S RD,ST. GEORGE'S ROAD,ST. GEORGE'S ROAD,17,338,15,1,1
RD,STIRLING RD,STIRLING ROAD,STIRLING ROAD,23,372,22,1,0
RD,TAH CHING RD,TAH CHING ROAD,TAH CHING ROAD,18,283,18,0,0
RD,TANGLIN HALT RD,TANGLIN HALT ROAD,TANGLIN HALT ROAD,3,299,3,0,0
RD,TAO CHING RD,TAO CHING ROAD,TAO CHING ROAD,1,28,1,0,0
RD,TESSENSOHN RD,TESSENSOHN ROAD,TESSENSOHN ROAD,1,17,0,1,0
RD,TIONG BAHRU RD,TIONG BAHRU ROAD,TIONG BAHRU ROAD,7,46,7,0,0
RD,TOH GUAN RD,TOH GUAN ROAD,TOH GUAN ROAD,28,631,28,0,0
RD,TOWNER RD,TOWNER ROAD,TOWNER ROAD,7,150,4,2,1
RD,VEERASAMY RD,VEERASAMY ROAD,VEERASAMY ROAD,6,110,3,3,0
RD,WEST COAST RD,WEST COAST ROAD,WEST COAST ROAD,4,204,4,0,0
RD,WHAMPOA RD,WHAMPOA ROAD,WHAMPOA ROAD,7,112,7,0,0
RD,WOODLANDS RING RD,WOODLANDS RING ROAD,WOODLANDS RING ROAD,46,1054,46,0,0
RD,YISHUN RING RD,YISHUN RING ROAD,YISHUN RING ROAD,147,3425,143,4,0
RD,YUAN CHING RD,YUAN CHING ROAD,YUAN CHING ROAD,6,316,6,0,0
RD,YUNG AN RD,YUNG AN ROAD,YUNG AN ROAD,8,96,8,0,0
RD,YUNG HO RD,YUNG HO ROAD,YUNG HO ROAD,4,67,4,0,0
RD,YUNG KUANG RD,YUNG KUANG ROAD,YUNG KUANG ROAD,8,271,8,0,0
RD,YUNG LOH RD,YUNG LOH ROAD,YUNG LOH ROAD,4,61,4,0,0
RD,YUNG PING RD,YUNG PING ROAD,YUNG PING ROAD,5,82,5,0,0
RD,YUNG SHENG RD,YUNG SHENG ROAD,YUNG SHENG ROAD,8,184,8,0,0
RD,ZION RD,ZION ROAD,ZION ROAD,1,28,1,0,0
DR,ADMIRALTY DR,ADMIRALTY DRIVE,ADMIRALTY DRIVE,31,919,31,0,0
DR,ANCHORVALE DR,ANCHORVALE DRIVE,ANCHORVALE DRIVE,17,389,16,1,0
DR,BOON LAY DR,BOON LAY DRIVE,BOON LAY DRIVE,39,883,38,1,0
DR,BRIGHT HILL DR,BRIGHT HILL DRIVE,BRIGHT HILL DRIVE,3,49,3,0,0
DR,CHAI CHEE DR,CHAI CHEE DRIVE,CHAI CHEE DRIVE,4,117,3,1,0
DR,CHOA CHU KANG DR,CHOA CHU KANG DRIVE,CHOA CHU KANG DRIVE,11,309,11,0,0
DR,COMPASSVALE DR,COMPASSVALE DRIVE,COMPASSVALE DRIVE,26,748,26,0,0
DR,CORPORATION DR,CORPORATION DRIVE,CORPORATION DRIVE,12,319,12,0,0
DR,HOLLAND DR,HOLLAND DRIVE,HOLLAND DRIVE,14,411,14,0,0
DR,MARGARET DR,MARGARET DRIVE,MARGARET DRIVE,7,14,7,0,0
DR,MARINE DR,MARINE DRIVE,MARINE DRIVE,17,440,17,0,0
DR,MARSILING DR,MARSILING DRIVE,MARSILING DRIVE,32,1082,32,0,0
DR,MONTREAL DR,MONTREAL DRIVE,MONTREAL DRIVE,10,222,10,0,0
DR,NORTHSHORE DR,NORTHSHORE DRIVE,NORTHSHORE DRIVE,28,297,28,0,0
DR,PASIR RIS DR 1,PASIR RIS DRIVE 1,PASIR RIS DRIVE 1,18,398,18,0,0
DR,PASIR RIS DR 10,PASIR RIS DRIVE 10,PASIR RIS DRIVE 10,24,275,24,0,0
DR,PASIR RIS DR 3,PASIR RIS DRIVE 3,PASIR RIS DRIVE 3,8,184,8,0,0
DR,PASIR RIS DR 4,PASIR RIS DRIVE 4,PASIR RIS DRIVE 4,21,422,21,0,0
DR,PASIR RIS DR 6,PASIR RIS DRIVE 6,PASIR RIS DRIVE 6,46,726,45,1,0
DR,PUNGGOL DR,PUNGGOL DRIVE,PUNGGOL DRIVE,72,2501,72,0,0
DR,RIVERVALE DR,RIVERVALE DRIVE,RIVERVALE DRIVE,57,1214,57,0,0
DR,SEMBAWANG DR,SEMBAWANG DRIVE,SEMBAWANG DRIVE,32,918,32,0,0
DR,SIMS DR,SIMS DRIVE,SIMS DRIVE,10,195,9,1,0
DR,TELOK BLANGAH DR,TELOK BLANGAH DRIVE,TELOK BLANGAH DRIVE,19,517,18,1,0
DR,TOH YI DR,TOH YI DRIVE,TOH YI DRIVE,19,376,17,2,0
DR,WEST COAST DR,WEST COAST DRIVE,WEST COAST DRIVE,8,226,7,1,0
DR,WHAMPOA DR,WHAMPOA DRIVE,WHAMPOA DRIVE,17,496,15,2,0
DR,WOODLANDS DR 14,WOODLANDS DRIVE 14,WOODLANDS DRIVE 14,37,907,37,0,0
DR,WOODLANDS DR 16,WOODLANDS DRIVE 16,WOODLANDS DRIVE 16,31,986,31,0,0
DR,WOODLANDS DR 40,WOODLANDS DRIVE 40,WOODLANDS DRIVE 40,7,163,7,0,0
DR,WOODLANDS DR 42,WOODLANDS DRIVE 42,WOODLANDS DRIVE 42,5,135,5,0,0
DR,WOODLANDS DR 44,WOODLANDS DRIVE 44,WOODLANDS DRIVE 44,5,147,5,0,0
DR,WOODLANDS DR 50,WOODLANDS DRIVE 50,WOODLANDS DRIVE 50,39,1200,38,1,0
DR,WOODLANDS DR 52,WOODLANDS DRIVE 52,WOODLANDS DRIVE 52,9,246,9,0,0
DR,WOODLANDS DR 53,WOODLANDS DRIVE 53,WOODLANDS DRIVE 53,4,137,4,0,0
DR,WOODLANDS DR 60,WOODLANDS DRIVE 60,WOODLANDS DRIVE 60,11,349,11,0,0
DR,WOODLANDS DR 62,WOODLANDS DRIVE 62,WOODLANDS DRIVE 62,15,418,15,0,0
DR,WOODLANDS DR 70,WOODLANDS DRIVE 70,WOODLANDS DRIVE 70,12,262,12,0,0
DR,WOODLANDS DR 71,WOODLANDS DRIVE 71,WOODLANDS DRIVE 71,4,104,4,0,0
DR,WOODLANDS DR 72,WOODLANDS DRIVE 72,WOODLANDS DRIVE 72,5,125,5,0,0
DR,WOODLANDS DR 73,WOODLANDS DRIVE 73,WOODLANDS DRIVE 73,14,467,14,0,0
DR,WOODLANDS DR 75,WOODLANDS DRIVE 75,WOODLANDS DRIVE 75,21,647,21,0,0
CRES,ALJUNIED CRES,ALJUNIED CRESCENT,ALJUNIED CRESCENT,16,404,16,0,0
CRES,ALKAFF CRES,ALKAFF CRESCENT,ALKAFF CRESCENT,10,147,10,0,0
CRES,ANCHORVALE CRES,ANCHORVALE CRESCENT,ANCHORVALE CRESCENT,14,587,14,0,0
CRES,BEDOK RESERVOIR CRES,BEDOK RESERVOIR CRESCENT,BEDOK RESERVOIR CRESCENT,6,242,6,0,0
CRES,BEO CRES,BEO CRESCENT,BEO CRESCENT,4,94,2,2,0
CRES,BUANGKOK CRES,BUANGKOK CRESCENT,BUANGKOK CRESCENT,29,929,29,0,0
CRES,CANBERRA CRES,CANBERRA CRESCENT,CANBERRA CRESCENT,17,524,17,0,0
CRES,CASSIA CRES,CASSIA CRESCENT,CASSIA CRESCENT,9,271,9,0,0
CRES,CHOA CHU KANG CRES,CHOA CHU KANG CRESCENT,CHOA CHU KANG CRESCENT,57,1540,57,0,0
CRES,COMPASSVALE CRES,COMPASSVALE CRESCENT,COMPASSVALE CRESCENT,25,954,25,0,0
CRES,DAKOTA CRES,DAKOTA CRESCENT,DAKOTA CRESCENT,3,78,3,0,0
CRES,DOVER CRES,DOVER CRESCENT,DOVER CRESCENT,14,508,14,0,0
CRES,EUNOS CRES,EUNOS CRESCENT,EUNOS CRESCENT,22,651,22,0,0
CRES,HENDERSON CRES,HENDERSON CRESCENT,HENDERSON CRESCENT,6,129,6,0,0
CRES,MARINE CRES,MARINE CRESCENT,MARINE CRESCENT,14,482,14,0,0
CRES,MARSILING CRES,MARSILING CRESCENT,MARSILING CRESCENT,4,49,4,0,0
CRES,RIVERVALE CRES,RIVERVALE CRESCENT,RIVERVALE CRESCENT,48,1684,48,0,0
CRES,SEMBAWANG CRES,SEMBAWANG CRESCENT,SEMBAWANG CRESCENT,17,543,17,0,0
CRES,TECK WHYE CRES,TECK WHYE CRESCENT,TECK WHYE CRESCENT,2,85,2,0,0
CRES,TELOK BLANGAH CRES,TELOK BLANGAH CRESCENT,TELOK BLANGAH CRESCENT,22,652,21,0,1
CRES,WOODLANDS CRES,WOODLANDS CRESCENT,WOODLANDS CRESCENT,24,1007,24,0,0
