blk_no,street
426,CLEMENTI AVE 3
427,CLEMENTI AVE 3
428,CLEMENTI AVE 3
429,CLEMENTI AVE 3
430,CLEMENTI AVE 3
431,CLEMENTI AVE 3
431A,CLEMENTI AVE 3
432,CLEMENTI AVE 3
433,CLEMENTI AVE 3
434,CLEMENTI AVE 3
435,CLEMENTI AVE 3
439,CLEMENTI AVE 3
440,CLEMENTI AVE 3
440A,CLEMENTI AVE 3
440B,CLEMENTI AVE 3
440C,CLEMENTI AVE 3
441A,CLEMENTI AVE 3
441B,CLEMENTI AVE 3
442,CLEMENTI AVE 3
443,CLEMENTI AVE 3
445,CLEMENTI AVE 3
445A,CLEMENTI AVE 3
445B,CLEMENTI AVE 3
446,CLEMENTI AVE 3
447,CLEMENTI AVE 3
448,CLEMENTI AVE 3
449,CLEMENTI AVE 3
450,CLEMENTI AVE 3
451,CLEMENTI AVE 3
453,CLEMENTI AVE 3
454,CLEMENTI AVE 3
455,CLEMENTI AVE 3
455A,CLEMENTI AVE 3
456,CLEMENTI AVE 3
457,CLEMENTI AVE 3
458,CLEMENTI AVE 3
459,CLEMENTI AVE 3
459A,CLEMENTI AVE 3
460,CLEMENTI AVE 3
461,CLEMENTI AVE 3
462,CLEMENTI AVE 3
462A,CLEMENTI AVE 3
462B,CLEMENTI AVE 3
501,TAMPINES CTRL 1
502,TAMPINES CTRL 1
503,TAMPINES CTRL 1
504,ANG MO KIO AVE 8
504,TAMPINES CTRL 1
505,ANG MO KIO AVE 8
505,TAMPINES CTRL 1
506,ANG MO KIO AVE 8
506,TAMPINES CTRL 1
507,ANG MO KIO AVE 8
507,TAMPINES CTRL 1
508,ANG MO KIO AVE 8
508,TAMPINES CTRL 1
509,ANG MO KIO AVE 8
509,TAMPINES CTRL 1
510,ANG MO KIO AVE 8
510,TAMPINES CTRL 1
511,ANG MO KIO AVE 8
512,ANG MO KIO AVE 8
512A,TAMPINES CTRL 1
513,ANG MO KIO AVE 8
513,TAMPINES CTRL 1
702,ANG MO KIO AVE 8
703,ANG MO KIO AVE 8
704,ANG MO KIO AVE 8
705,ANG MO KIO AVE 8
709,ANG MO KIO AVE 8
710,ANG MO KIO AVE 8
710A,ANG MO KIO AVE 8
711,ANG MO KIO AVE 8
721,ANG MO KIO AVE 8
722,ANG MO KIO AVE 8
723,ANG MO KIO AVE 8
